,July 2022 actual,July 2024 predicted,Percent change,Monthly average obs,model,Normalized RMSE
Skill subcat: Account Management,0.0166103570131202,0.0153759985123868,-7.431258098536973,6093.4375,predicted job posting shares 22_40_25_10_05_2023 VAR top grid search runs #8 lvl subcategory,0.0034182350202432
Skill subcat: Accounting and Finance Software,0.011871633618425,0.0160324573256508,35.04845113117477,3937.8958333333335,predicted job posting shares 23_16_01_10_05_2023 VAR top grid search runs #10 lvl subcategory,0.0194480045067692
Skill subcat: Accounts Payable and Receivable,0.0212898815509278,0.0203567590323219,-4.382938986174089,6768.791666666667,predicted job posting shares 16_01_39_10_05_2023 VAR top grid search runs #0 lvl subcategory,0.0072500352767589
Skill subcat: Administrative Support and Clerical Tasks,0.1020550205478047,0.1022526838702218,0.1936830950168729,31653.33333333333,predicted job posting shares 13_36_26_09_05_2023 ARIMA top grid search runs #0 lvl subcategory,0.0026243440154255
Skill subcat: Advertising,0.00691390604265,0.0144580512967442,109.11553046217908,2221.0625,predicted job posting shares 01_17_54_11_05_2023 VAR top grid search runs #12 lvl subcategory,0.0312537125579597
Skill subcat: Aerospace Engineering,0.0008853290540734,0.0006193416553712,-30.043902600777823,252.16666666666663,predicted job posting shares 16_47_58_10_05_2023 VAR top grid search runs #2 lvl subcategory,0.0246748118838005
Skill subcat: Agile Software Development,0.0492969225527692,0.0590708770356045,19.826703122031414,12606.625,predicted job posting shares 23_16_01_10_05_2023 VAR top grid search runs #10 lvl subcategory,0.0080407346649726
Skill subcat: Agricultural Management and Operations,0.0003212786790495,0.0032265933261798,904.2973706582852,60.79166666666666,predicted job posting shares 16_01_39_10_05_2023 VAR top grid search runs #0 lvl subcategory,0.0145974265975096
Skill subcat: Agricultural Research and Agronomy,0.0004826842745798,0.0004821471450458,-0.1112796836954351,141.54166666666666,predicted job posting shares 16_11_33_10_05_2023 VAR top grid search runs #1 lvl subcategory,0.0219434059657258
Skill subcat: Agriculture and Crop Farming,0.002579827415618,0.0026736442673149,3.636555341994697,667.3125,predicted job posting shares 21_45_23_10_05_2023 VAR top grid search runs #7 lvl subcategory,0.0113315542964347
Skill subcat: Air Quality and Emissions,0.0008456904969357,0.0016065271949019,89.96632937499453,158.20833333333334,predicted job posting shares 23_16_01_10_05_2023 VAR top grid search runs #10 lvl subcategory,0.0058722943264243
Skill subcat: Air Transportation,0.0020854818901942,0.0035968377788486,72.47034346165732,532.1666666666666,predicted job posting shares 05_29_01_11_05_2023 VAR top grid search runs #17 lvl subcategory,0.0140523294881003
Skill subcat: Alternative Therapy,0.0038675658483498,0.0055605558905917,43.77404570795503,1137.8958333333333,predicted job posting shares 06_01_09_11_05_2023 VAR top grid search runs #19 lvl subcategory,0.0527524439896936
Skill subcat: Anesthesiology,0.0058232792438097,0.0076365103819654,31.13762988582788,1743.2291666666667,predicted job posting shares 01_17_54_11_05_2023 VAR top grid search runs #12 lvl subcategory,0.0109836827490197
Skill subcat: Animal Care,0.0017471258879018,0.0017148550887875,-1.847079213796973,509.1041666666667,predicted job posting shares 23_16_01_10_05_2023 VAR top grid search runs #10 lvl subcategory,0.0185268647487621
Skill subcat: Animal Health and Veterinary Medicine,0.0020549857126283,0.0024391621610452,18.694847660305296,580.6666666666666,predicted job posting shares 19_11_14_10_05_2023 VAR top grid search runs #5 lvl subcategory,0.0146278650543521
Skill subcat: Animation and Game Design,0.0030708709747106,0.0029515418211958,-3.885840678345189,960.125,predicted job posting shares 16_11_33_10_05_2023 VAR top grid search runs #1 lvl subcategory,0.0277318758698629
Skill subcat: Appliance Repair and Maintenance,0.002829297584093,0.0029328670843827,3.6606082326579297,798.6458333333334,predicted job posting shares 04_44_13_11_05_2023 VAR top grid search runs #15 lvl subcategory,0.0137046174524502
Skill subcat: Application Programming Interface (API),0.0235500419123319,0.0336967344559968,43.085666604914266,6129.333333333333,predicted job posting shares 02_29_39_11_05_2023 VAR top grid search runs #13 lvl subcategory,0.0450053013063123
Skill subcat: Architectural Design,0.0076270800785684,0.0052546688883013,-31.10510399560929,2008.375,predicted job posting shares 16_11_33_10_05_2023 VAR top grid search runs #1 lvl subcategory,0.0053448164511855
Skill subcat: Art and Illustration,0.0024320260291233,0.0027445787014593,12.851534835285849,776.5208333333334,predicted job posting shares 22_58_01_10_05_2023 VAR top grid search runs #9 lvl subcategory,0.0128047446286657
Skill subcat: Artificial Intelligence and Machine Learning (AI/ML),0.0176700717907416,0.0101931073273791,-42.31428458191169,4487.9375,predicted job posting shares 23_16_01_10_05_2023 VAR top grid search runs #10 lvl subcategory,0.0192530153203584
Skill subcat: Audio Production and Technology,0.0016279861942555,0.0017385383944463,6.790733274083877,502.3958333333333,predicted job posting shares 23_16_01_10_05_2023 VAR top grid search runs #10 lvl subcategory,0.0147897697807538
Skill subcat: Auditing,0.0635809078405867,0.0793206671424014,24.75548059376286,19210.416666666668,predicted job posting shares 00_10_54_11_05_2023 VAR top grid search runs #11 lvl subcategory,0.0329596163114573
Skill subcat: Augmented and Virtual Reality (AR/VR),0.0008574638906544,0.0007602978565202,-11.33179311609784,189.83333333333331,predicted job posting shares 21_45_23_10_05_2023 VAR top grid search runs #7 lvl subcategory,0.0057179080946288
Skill subcat: Automation Engineering,0.0085373310915868,0.0082164074692308,-3.759062626401553,2546.083333333333,predicted job posting shares 16_01_39_10_05_2023 VAR top grid search runs #0 lvl subcategory,0.0159356853101291
Skill subcat: Automotive Technologies,0.0042430413814967,0.0048581967386876,14.497981562789022,1141.8333333333333,predicted job posting shares 21_45_23_10_05_2023 VAR top grid search runs #7 lvl subcategory,0.0146836077962099
Skill subcat: Backup Software,0.0022634805476243,0.0020162228663991,-10.92378202607999,733.875,predicted job posting shares 02_29_39_11_05_2023 VAR top grid search runs #13 lvl subcategory,0.0258606986141234
Skill subcat: Banking Services,0.017923961558947,0.0199003939639446,11.02676101205449,5449.666666666667,predicted job posting shares 00_10_54_11_05_2023 VAR top grid search runs #11 lvl subcategory,0.0176615671597245
Skill subcat: Basic Electrical Systems,0.0131255297393558,0.0140479081172544,7.027361152006893,3873.0833333333335,predicted job posting shares 21_45_23_10_05_2023 VAR top grid search runs #7 lvl subcategory,0.0175779451443407
Skill subcat: Basic Technical Knowledge,0.0981805546648946,0.101614173535168,3.4972494115488204,33130.041666666664,predicted job posting shares 03_40_54_11_05_2023 VAR top grid search runs #14 lvl subcategory,0.0238852276792064
Skill subcat: Beauty and Body Treatments and Alterations,0.0047038731294945,0.005085533341114,8.113743740799286,1102.5625,predicted job posting shares 04_44_13_11_05_2023 VAR top grid search runs #15 lvl subcategory,0.0439500430439879
Skill subcat: Billing and Invoicing,0.0558208069985184,0.0533152196303709,-4.488626200287656,17241.791666666668,predicted job posting shares 22_40_25_10_05_2023 VAR top grid search runs #8 lvl subcategory,0.0230747738257054
Skill subcat: Bioinformatics,0.0003421102681421,0.0005693292914412,66.41689667283578,105.58333333333331,predicted job posting shares 05_17_04_11_05_2023 VAR top grid search runs #16 lvl subcategory,0.0588839950333948
Skill subcat: Biology,0.0088732248696875,0.0093466857497954,5.335837725980841,2474.4166666666665,predicted job posting shares 16_11_33_10_05_2023 VAR top grid search runs #1 lvl subcategory,0.0068380066423718
Skill subcat: Biotechnology,0.0046014768273771,0.0010718935796605,-76.70544436335904,840.1875,predicted job posting shares 21_45_23_10_05_2023 VAR top grid search runs #7 lvl subcategory,0.0111659643264309
Skill subcat: Blockchain,0.0008100360638407,0.0002444996247775,-69.81620501953569,198.125,predicted job posting shares 16_47_58_10_05_2023 VAR top grid search runs #2 lvl subcategory,0.0207589555750171
Skill subcat: Blood Collection,0.0077284942830257,0.008182173388045,5.870213374107393,2277.020833333333,predicted job posting shares 05_17_04_11_05_2023 VAR top grid search runs #16 lvl subcategory,0.0163018321954656
Skill subcat: Brand Management,0.0167981215446928,0.0162719451056886,-3.1323528503128437,5395.833333333333,predicted job posting shares 05_42_30_11_05_2023 VAR top grid search runs #18 lvl subcategory,0.0192015789724572
Skill subcat: Budget Management,0.0347536389406952,0.024812169896103,-28.60554850545769,10114.770833333334,predicted job posting shares 05_17_04_11_05_2023 VAR top grid search runs #16 lvl subcategory,0.030515248151355
Skill subcat: Business Analysis,0.059236223814672,0.0461415079017714,-22.105926187781773,16219.979166666666,predicted job posting shares 22_58_01_10_05_2023 VAR top grid search runs #9 lvl subcategory,0.0071271617350878
Skill subcat: Business Communications,0.0190254140296924,0.0164631416174603,-13.467630235185618,5444.583333333333,predicted job posting shares 22_58_01_10_05_2023 VAR top grid search runs #9 lvl subcategory,0.0131374537106207
Skill subcat: Business Consulting,0.0376427537990453,0.0407122942443118,8.1543992813415,10623.375,predicted job posting shares 04_44_13_11_05_2023 VAR top grid search runs #15 lvl subcategory,0.0185305760424803
Skill subcat: Business Continuity,0.0097148466534815,0.0101571889365585,4.553260579964766,2752.0,predicted job posting shares 17_12_47_10_05_2023 VAR top grid search runs #3 lvl subcategory,0.0098486219994545
Skill subcat: Business Intelligence,0.0280046618751476,0.0237924571184855,-15.041084143208929,8183.645833333333,predicted job posting shares 16_11_33_10_05_2023 VAR top grid search runs #1 lvl subcategory,0.0259418529587737
Skill subcat: Business Intelligence Software,0.021232604663632,0.0304382874659916,43.35635193230645,5877.083333333333,predicted job posting shares 13_36_26_09_05_2023 ARIMA top grid search runs #0 lvl subcategory,0.0146774920329036
Skill subcat: Business Leadership,0.0225651958410023,0.0436792704988023,93.56920634136254,6176.8125,predicted job posting shares 06_01_09_11_05_2023 VAR top grid search runs #19 lvl subcategory,0.0152382070676163
Skill subcat: Business Management,0.266558763061983,0.2674649137478885,0.3399440616757311,82133.54166666667,predicted job posting shares 16_01_39_10_05_2023 VAR top grid search runs #0 lvl subcategory,0.0052180977912939
Skill subcat: Business Operations,0.2390330028808981,0.2108090288692898,-11.80756367172919,70502.77083333333,predicted job posting shares 17_12_47_10_05_2023 VAR top grid search runs #3 lvl subcategory,0.0033404962423017
Skill subcat: Business Solutions,0.0450024028164655,0.0582375166536022,29.40979371949053,13014.875,predicted job posting shares 01_17_54_11_05_2023 VAR top grid search runs #12 lvl subcategory,0.0112245110926656
Skill subcat: Business Strategy,0.074792997381851,0.0599819506322365,-19.80271852724075,22409.83333333333,predicted job posting shares 14_16_37_09_05_2023 ARIMA top grid search runs #10 lvl subcategory,0.0246476569441928
Skill subcat: Business-to-Business (B2B) Sales,0.0180583752144933,0.0176421210491047,-2.3050477157796707,5532.229166666667,predicted job posting shares 21_45_23_10_05_2023 VAR top grid search runs #7 lvl subcategory,0.0054673360265571
Skill subcat: C and C++,0.0083298251598857,0.0076030908447825,-8.724484621873762,2552.270833333333,predicted job posting shares 05_42_30_11_05_2023 VAR top grid search runs #18 lvl subcategory,0.0177402979409271
Skill subcat: Cannabis,0.0011947493878447,0.000824311734479,-31.005469191657088,256.8125,predicted job posting shares 23_16_01_10_05_2023 VAR top grid search runs #10 lvl subcategory,0.0072546539099248
Skill subcat: Cardiology,0.0075209154387128,0.0075232129333602,0.0305480717888988,2361.083333333333,predicted job posting shares 06_01_09_11_05_2023 VAR top grid search runs #19 lvl subcategory,0.0314142124306669
Skill subcat: Carpentry,0.0076474454193267,0.0112250030168903,46.78108049679389,2439.5,predicted job posting shares 05_17_04_11_05_2023 VAR top grid search runs #16 lvl subcategory,0.00825012691008
Skill subcat: Cash Management,0.0072450744613924,0.0068925578291261,-4.865603992682101,2190.9791666666665,predicted job posting shares 17_12_47_10_05_2023 VAR top grid search runs #3 lvl subcategory,0.0207097667722405
Skill subcat: Cash Register Operation,0.0478492693880934,0.0510344578272395,6.656712798082322,13874.166666666666,predicted job posting shares 21_45_23_10_05_2023 VAR top grid search runs #7 lvl subcategory,0.0063425055290862
Skill subcat: Chemical and Biomedical Engineering,0.0027698339895592,0.002841769626335,2.59711004511314,693.3541666666666,predicted job posting shares 17_12_47_10_05_2023 VAR top grid search runs #3 lvl subcategory,0.0182686321394797
Skill subcat: Chemistry,0.0089165978422334,0.0108086068388556,21.218956266713228,2520.0,predicted job posting shares 02_29_39_11_05_2023 VAR top grid search runs #13 lvl subcategory,0.0148312299721668
Skill subcat: Child Care,0.0004773071832056,0.0005195564817796,8.851594960346757,168.89583333333334,predicted job posting shares 13_36_26_09_05_2023 ARIMA top grid search runs #0 lvl subcategory,0.1716515132773168
Skill subcat: Childhood Education and Development,0.0166509941245785,0.0143783935508943,-13.648437785042622,5685.291666666667,predicted job posting shares 05_42_30_11_05_2023 VAR top grid search runs #18 lvl subcategory,0.0602081724087947
Skill subcat: Circuitry,0.0025982967720412,0.0032682938722066,25.78601133538168,886.9791666666666,predicted job posting shares 16_01_39_10_05_2023 VAR top grid search runs #0 lvl subcategory,0.0515146254162851
Skill subcat: Civil and Architectural Engineering,0.0079492812555912,0.0050426081423679,-36.565231745686,2164.8541666666665,predicted job posting shares 21_33_19_10_05_2023 VAR top grid search runs #6 lvl subcategory,0.0042954047326211
Skill subcat: Clean Energy,0.0003169459948837,0.0006854685419851,116.27297806259564,66.29166666666667,predicted job posting shares 16_01_39_10_05_2023 VAR top grid search runs #0 lvl subcategory,0.0540906151402625
Skill subcat: Cleaning and Janitorial Services,0.0476946948435938,0.0091437552846987,-80.82856947783395,14267.4375,predicted job posting shares 05_29_01_11_05_2023 VAR top grid search runs #17 lvl subcategory,0.0064507019101643
Skill subcat: Client Support,0.0173408797785644,0.0160076003201898,-7.68864945377633,4935.479166666667,predicted job posting shares 23_16_01_10_05_2023 VAR top grid search runs #10 lvl subcategory,0.0085809010645513
Skill subcat: Clinical Informatics,0.0056974196591886,0.0119458544908574,109.6713109695464,1228.0208333333333,predicted job posting shares 04_44_13_11_05_2023 VAR top grid search runs #15 lvl subcategory,0.0130131860962683
Skill subcat: Clinical Trials,0.0079975656094485,0.0085442425562671,6.835541882554164,2444.020833333333,predicted job posting shares 04_44_13_11_05_2023 VAR top grid search runs #15 lvl subcategory,0.0869283805360217
Skill subcat: Cloud Computing,0.0206136093606804,0.0179368949338783,-12.985180712252276,5121.916666666667,predicted job posting shares 14_16_37_09_05_2023 ARIMA top grid search runs #10 lvl subcategory,0.0654029976545809
Skill subcat: Cloud Solutions,0.0372452412180716,0.0423055391692596,13.586428187053109,9531.291666666666,predicted job posting shares 19_11_14_10_05_2023 VAR top grid search runs #5 lvl subcategory,0.0336018591438846
Skill subcat: Coaching and Athletic Training,0.0040899385987067,0.0037415998019264,-8.51696885841881,1182.3541666666667,predicted job posting shares 21_33_19_10_05_2023 VAR top grid search runs #6 lvl subcategory,0.0254829815817357
Skill subcat: Collaborative Software,0.0118116095540979,0.0146372799661774,23.922822703694656,3287.020833333333,predicted job posting shares 02_29_39_11_05_2023 VAR top grid search runs #13 lvl subcategory,0.0043083179578978
Skill subcat: Commercial Lending,0.0019497361194828,0.0028749144409319,47.451463416214445,550.8333333333334,predicted job posting shares 05_29_01_11_05_2023 VAR top grid search runs #17 lvl subcategory,0.0190794828415463
Skill subcat: Communication,0.4804998495695234,0.5123096161001529,6.620140788624108,147280.85416666666,predicted job posting shares 17_12_47_10_05_2023 VAR top grid search runs #3 lvl subcategory,0.0208668443892981
Skill subcat: Community and Social Work,0.0186986086928775,0.0337803741503669,80.65715318827014,5280.6875,predicted job posting shares 05_29_01_11_05_2023 VAR top grid search runs #17 lvl subcategory,0.0276221701664924
"Skill subcat: Company, Product, and Service Knowledge",0.0275794594438468,0.021886318437137,-20.642685250236067,9605.041666666666,predicted job posting shares 21_45_23_10_05_2023 VAR top grid search runs #7 lvl subcategory,0.0058774020108221
Skill subcat: Compensation and Benefits,0.015822634359298,0.0224587686437535,41.940767471226096,2562.375,predicted job posting shares 21_45_23_10_05_2023 VAR top grid search runs #7 lvl subcategory,0.0086929424128685
Skill subcat: Computer Hardware,0.0078627886994155,0.0085857883713594,9.19520668281021,2391.458333333333,predicted job posting shares 04_44_13_11_05_2023 VAR top grid search runs #15 lvl subcategory,0.0140449946909642
Skill subcat: Computer Science,0.1076085409988996,0.2758039514657963,156.30303032230185,31145.3125,predicted job posting shares 00_10_54_11_05_2023 VAR top grid search runs #11 lvl subcategory,0.0199140134683923
Skill subcat: Computer-Aided Manufacturing,0.0026384654985394,0.0026465290262375,0.305614293708364,834.2708333333334,predicted job posting shares 03_40_54_11_05_2023 VAR top grid search runs #14 lvl subcategory,0.0126223779220632
Skill subcat: Concrete and Masonry,0.0023854716287567,0.0053256267596209,123.25257175230374,635.9791666666666,predicted job posting shares 16_01_39_10_05_2023 VAR top grid search runs #0 lvl subcategory,0.1241178726879897
Skill subcat: Configuration Management,0.0081230511898959,0.0035025734520296,-56.88106143678646,2636.5,predicted job posting shares 01_17_54_11_05_2023 VAR top grid search runs #12 lvl subcategory,0.011833151655988
Skill subcat: Conservation,0.000466081363927,0.0004031400250875,-13.50436720086456,129.29166666666666,predicted job posting shares 22_40_25_10_05_2023 VAR top grid search runs #8 lvl subcategory,0.0468763353185689
Skill subcat: Construction Estimating,0.0021105547555342,0.0023246467320708,10.143872172717511,669.0833333333334,predicted job posting shares 21_45_23_10_05_2023 VAR top grid search runs #7 lvl subcategory,0.0119900660452869
Skill subcat: Construction Inspection,0.0068459364313444,0.0102104233547831,49.14575174893911,1857.25,predicted job posting shares 23_16_01_10_05_2023 VAR top grid search runs #10 lvl subcategory,0.0093050106183079
Skill subcat: Construction Management,0.0141564664265541,0.0135681837776998,-4.155575488462468,4291.270833333333,predicted job posting shares 23_16_01_10_05_2023 VAR top grid search runs #10 lvl subcategory,0.0723603625353807
Skill subcat: Construction Painting,0.0067505941393829,0.0070407060331719,4.297575706655069,1875.9166666666667,predicted job posting shares 16_01_39_10_05_2023 VAR top grid search runs #0 lvl subcategory,0.0078690130850732
Skill subcat: Content Development and Management,0.0138985788667255,0.0190901691299391,37.35338924213867,3753.0833333333335,predicted job posting shares 00_10_54_11_05_2023 VAR top grid search runs #11 lvl subcategory,0.0147320484340933
Skill subcat: Content Management Systems,0.0043589313787056,0.0047139972670478,8.145709521301024,1537.5625,predicted job posting shares 02_29_39_11_05_2023 VAR top grid search runs #13 lvl subcategory,0.0370180739417341
Skill subcat: Contract Management,0.0281438676555452,0.0226512667280699,-19.51615532982046,8283.916666666666,predicted job posting shares 18_07_54_10_05_2023 VAR top grid search runs #4 lvl subcategory,0.0114666528362825
Skill subcat: Cost Accounting,0.0120987932249738,0.0204263970242338,68.83003655331943,3641.7291666666665,predicted job posting shares 04_44_13_11_05_2023 VAR top grid search runs #15 lvl subcategory,0.0128937619755667
Skill subcat: Counseling Services,0.0108269479378055,0.0037055692939319,-65.7745717886681,2764.3541666666665,predicted job posting shares 04_44_13_11_05_2023 VAR top grid search runs #15 lvl subcategory,0.0218712093356702
Skill subcat: Creative Design,0.0141861179365611,0.0100027768202286,-29.488977428779197,3882.625,predicted job posting shares 16_01_39_10_05_2023 VAR top grid search runs #0 lvl subcategory,0.0022967944075013
Skill subcat: Criminal Investigation and Forensics,0.0021518178781122,0.0010682743193782,-50.35479859868987,712.8541666666666,predicted job posting shares 19_11_14_10_05_2023 VAR top grid search runs #5 lvl subcategory,0.0156096472477266
Skill subcat: Critical Thinking and Problem Solving,0.3183439322583674,0.333364021840526,4.718195655750189,94235.75,predicted job posting shares 13_36_26_09_05_2023 ARIMA top grid search runs #0 lvl subcategory,0.0197189068828414
Skill subcat: Cryptocurrency,0.0004917613317746,0.0012357681759766,151.2942958563113,77.35416666666667,predicted job posting shares 04_44_13_11_05_2023 VAR top grid search runs #15 lvl subcategory,0.0106227451718742
Skill subcat: Customer Relationship Management (CRM),0.050354022520159,0.0555233069907648,10.265881873759543,16617.208333333332,predicted job posting shares 19_11_14_10_05_2023 VAR top grid search runs #5 lvl subcategory,0.0122427677784372
Skill subcat: Customer Service,0.3333437588060579,0.3067404508624407,-7.980742774036824,97116.8125,predicted job posting shares 13_36_26_09_05_2023 ARIMA top grid search runs #0 lvl subcategory,0.0141102902806894
Skill subcat: Cybersecurity,0.022075045505988,0.0185244472183998,-16.08421729697035,6631.770833333333,predicted job posting shares 18_07_54_10_05_2023 VAR top grid search runs #4 lvl subcategory,0.013277331094214
Skill subcat: Dance,0.0002127810094355,0.0003400974204616,59.834480231043926,53.8125,predicted job posting shares 05_29_01_11_05_2023 VAR top grid search runs #17 lvl subcategory,0.0232280324551518
Skill subcat: Data Analysis,0.0841195818529124,0.0778468182185213,-7.456960075430919,24685.39583333333,predicted job posting shares 16_11_33_10_05_2023 VAR top grid search runs #1 lvl subcategory,0.0134657591926661
Skill subcat: Data Collection,0.0159094259942928,0.016027024030234,0.7391720856766765,4338.75,predicted job posting shares 23_16_01_10_05_2023 VAR top grid search runs #10 lvl subcategory,0.0322540134448334
Skill subcat: Data Management,0.0347919782777084,0.0268994414423018,-22.68493263708271,10261.875,predicted job posting shares 22_40_25_10_05_2023 VAR top grid search runs #8 lvl subcategory,0.0635150009341097
Skill subcat: Data Science,0.0309872601066141,0.0240093034479193,-22.518792028358074,8726.979166666666,predicted job posting shares 05_42_30_11_05_2023 VAR top grid search runs #18 lvl subcategory,0.0133747276806792
Skill subcat: Data Storage,0.008786812435311,0.0075471392074715,-14.10833834187362,2551.770833333333,predicted job posting shares 14_16_37_09_05_2023 ARIMA top grid search runs #10 lvl subcategory,0.0156205937258312
Skill subcat: Data Visualization,0.0080511824922975,0.0079765114614224,-0.9274542087020958,1873.7708333333333,predicted job posting shares 22_58_01_10_05_2023 VAR top grid search runs #9 lvl subcategory,0.0088091740882779
Skill subcat: Database Architecture and Administration,0.0115939006024152,0.0107415557684216,-7.351665873485599,3872.8958333333335,predicted job posting shares 03_40_54_11_05_2023 VAR top grid search runs #14 lvl subcategory,0.0340411404977277
Skill subcat: Databases,0.0324307888402229,0.0204914956887799,-36.81468622383636,9957.625,predicted job posting shares 05_29_01_11_05_2023 VAR top grid search runs #17 lvl subcategory,0.005463622580165
Skill subcat: Dermatology,0.0013902791955066,0.001443394561079,3.820481939460048,443.0416666666667,predicted job posting shares 03_40_54_11_05_2023 VAR top grid search runs #14 lvl subcategory,0.0080662668328611
Skill subcat: Dictation,0.0042989182306251,0.0043367799170099,0.8807259025090695,1379.9583333333333,predicted job posting shares 13_36_26_09_05_2023 ARIMA top grid search runs #0 lvl subcategory,0.085121098157204
Skill subcat: Digital Design,0.0030368767718004,0.0033498617944689,10.306148263070549,966.3125,predicted job posting shares 05_29_01_11_05_2023 VAR top grid search runs #17 lvl subcategory,0.0302533841537224
Skill subcat: Digital Marketing,0.015875550769256,0.0154429207359422,-2.725134010163706,5116.1875,predicted job posting shares 05_42_30_11_05_2023 VAR top grid search runs #18 lvl subcategory,0.0223610297129543
Skill subcat: Disaster Management,0.0056304831111095,0.0034973973681947,-37.884595350370745,1400.3541666666667,predicted job posting shares 03_40_54_11_05_2023 VAR top grid search runs #14 lvl subcategory,0.0275627080338601
Skill subcat: Distributed Computing,0.0050236384144488,0.0048361094160675,-3.7329318495920543,1494.8541666666667,predicted job posting shares 18_07_54_10_05_2023 VAR top grid search runs #4 lvl subcategory,0.0133450948394672
Skill subcat: Document Management,0.0208444079960301,0.0228281915723669,9.517102029065155,6017.541666666667,predicted job posting shares 16_01_39_10_05_2023 VAR top grid search runs #0 lvl subcategory,0.0078478230428401
Skill subcat: Drafting and Engineering Design,0.0213133914977306,0.0210115959455919,-1.4159902809031324,6286.0625,predicted job posting shares 06_01_09_11_05_2023 VAR top grid search runs #19 lvl subcategory,0.0349161042279752
Skill subcat: E-Commerce,0.0046569312435152,0.0044971510239096,-3.4310195115741715,1395.4166666666667,predicted job posting shares 22_40_25_10_05_2023 VAR top grid search runs #8 lvl subcategory,0.0168183654122697
"Skill subcat: Ear, Nose, and Throat",0.0025479836356202,0.0125582408062924,392.8697590805218,310.75,predicted job posting shares 21_45_23_10_05_2023 VAR top grid search runs #7 lvl subcategory,0.0095433878072507
Skill subcat: Earth and Space Science,0.002751344991002,0.0023191370754019,-15.70896841412446,754.5625,predicted job posting shares 19_11_14_10_05_2023 VAR top grid search runs #5 lvl subcategory,0.0373340381980256
Skill subcat: Ecology,0.0009868733254807,0.0034329771916358,247.8640168902749,195.45833333333331,predicted job posting shares 02_29_39_11_05_2023 VAR top grid search runs #13 lvl subcategory,0.015293838118974
Skill subcat: Economics,0.0186460195797245,0.0085320688897707,-54.24187530593184,5102.979166666667,predicted job posting shares 21_33_19_10_05_2023 VAR top grid search runs #6 lvl subcategory,0.0042794787211227
Skill subcat: Education Administration,0.0055529438296343,0.0138991133072327,150.30170903327965,1237.7083333333333,predicted job posting shares 01_17_54_11_05_2023 VAR top grid search runs #12 lvl subcategory,0.0269673226200139
Skill subcat: Education Software and Technology,0.005909947062634,0.013521358959099,128.7898489749361,1543.2291666666667,predicted job posting shares 18_07_54_10_05_2023 VAR top grid search runs #4 lvl subcategory,0.0123474844657379
Skill subcat: Electrical Construction,0.0020413122861314,0.0062399018741126,205.68090519545996,605.7708333333334,predicted job posting shares 06_01_09_11_05_2023 VAR top grid search runs #19 lvl subcategory,0.0121446681081028
Skill subcat: Electrical Power,0.0045066861221349,0.0035776965566179,-20.61358480135111,1349.9583333333333,predicted job posting shares 23_16_01_10_05_2023 VAR top grid search runs #10 lvl subcategory,0.0173450613254878
Skill subcat: Electrical and Computer Engineering,0.0188037170820009,0.016926689285166,-9.982216753471628,4730.208333333333,predicted job posting shares 02_29_39_11_05_2023 VAR top grid search runs #13 lvl subcategory,0.0509970863904779
Skill subcat: Electromechanical Engineering,0.0019895011118007,0.0018399907943951,-7.514965260324893,617.9166666666666,predicted job posting shares 02_29_39_11_05_2023 VAR top grid search runs #13 lvl subcategory,0.034568282378762
Skill subcat: Electronic Hardware,0.0032602216429557,0.0031220849751938,-4.237033026891575,1003.7291666666666,predicted job posting shares 16_11_33_10_05_2023 VAR top grid search runs #1 lvl subcategory,0.0120468035347589
Skill subcat: Electronic Trading,0.0005758006290751,0.0008644334237759,50.12721072646736,225.72916666666663,predicted job posting shares 02_29_39_11_05_2023 VAR top grid search runs #13 lvl subcategory,0.0046320210084596
Skill subcat: Electronics Engineering,0.0049536667803236,0.0039667872574321,-19.92220241400717,1469.7083333333333,predicted job posting shares 21_33_19_10_05_2023 VAR top grid search runs #6 lvl subcategory,0.0052224589835788
Skill subcat: Electronics Manufacturing,0.0004973564199444,0.0004046030527107,-18.64927515041808,133.125,predicted job posting shares 13_36_26_09_05_2023 ARIMA top grid search runs #0 lvl subcategory,0.4856375561770943
"Skill subcat: Elements, Compounds, and Materials",0.004041264912705,0.0060673470214159,50.1348501638996,1047.4791666666667,predicted job posting shares 17_12_47_10_05_2023 VAR top grid search runs #3 lvl subcategory,0.0038956325457785
Skill subcat: Emergency Services,0.0111933266432229,0.0137166159330007,22.54280045785628,2561.8541666666665,predicted job posting shares 19_11_14_10_05_2023 VAR top grid search runs #5 lvl subcategory,0.0061919136387681
Skill subcat: Emergency and Intensive Care,0.0484813569508564,0.056595486819745,16.73659810535743,14034.729166666666,predicted job posting shares 01_17_54_11_05_2023 VAR top grid search runs #12 lvl subcategory,0.0167800238711828
Skill subcat: Employee Relations,0.014318658271365,0.0183653569825912,28.26171722611009,3400.6041666666665,predicted job posting shares 16_11_33_10_05_2023 VAR top grid search runs #1 lvl subcategory,0.0805716145787222
Skill subcat: Employee Training,0.0341753806415963,0.012045845265432,-64.75285705883114,9444.291666666666,predicted job posting shares 22_58_01_10_05_2023 VAR top grid search runs #9 lvl subcategory,0.0053196900575377
Skill subcat: Endocrinology,0.001808165929139,0.002142179766142,18.472521333373884,609.5625,predicted job posting shares 00_10_54_11_05_2023 VAR top grid search runs #11 lvl subcategory,0.0182421579373232
Skill subcat: Energy Efficiency,0.0006889751868742,0.0008023012087506,16.448491039357584,208.625,predicted job posting shares 00_10_54_11_05_2023 VAR top grid search runs #11 lvl subcategory,0.0193404212401787
Skill subcat: Energy Management,0.0027821042283994,0.0035409546877481,27.2761333526775,797.0208333333334,predicted job posting shares 19_11_14_10_05_2023 VAR top grid search runs #5 lvl subcategory,0.0176011162899605
Skill subcat: Engineering Practices,0.0131926169603819,0.0083598482009138,-36.632373804084125,3548.875,predicted job posting shares 16_01_39_10_05_2023 VAR top grid search runs #0 lvl subcategory,0.0107768330809877
Skill subcat: Engineering Software,0.0081187462596475,0.0062167638843544,-23.42704543861037,2435.395833333333,predicted job posting shares 16_47_58_10_05_2023 VAR top grid search runs #2 lvl subcategory,0.0069164430318833
"Skill subcat: Engineering, Other",0.0067039231150788,0.0115991154176216,73.01981568870156,1818.8958333333333,predicted job posting shares 23_16_01_10_05_2023 VAR top grid search runs #10 lvl subcategory,0.0552151614528504
"Skill subcat: Engineering, Scientific, and Technical Instruments",0.0077700349015904,0.0082374951622045,6.016192546553676,2374.0416666666665,predicted job posting shares 04_44_13_11_05_2023 VAR top grid search runs #15 lvl subcategory,0.0215197390823456
Skill subcat: Enterprise Application Management,0.0110266655550449,0.0102670670384101,-6.888741776404663,3483.145833333333,predicted job posting shares 18_07_54_10_05_2023 VAR top grid search runs #4 lvl subcategory,0.0503698320572759
Skill subcat: Enterprise Information Management,0.0039688649308553,0.0039560323593233,-0.3233310217295345,1213.2708333333333,predicted job posting shares 02_29_39_11_05_2023 VAR top grid search runs #13 lvl subcategory,0.0085828688265646
Skill subcat: Environment and Resource Management,0.0078188062962544,0.0039225998225817,-49.83121880815973,1801.2708333333333,predicted job posting shares 05_42_30_11_05_2023 VAR top grid search runs #18 lvl subcategory,0.0044601677434001
Skill subcat: Environmental Engineering and Restoration,0.0011476631427765,0.000609383566348,-46.902227349242885,294.9375,predicted job posting shares 02_29_39_11_05_2023 VAR top grid search runs #13 lvl subcategory,0.0071775949791148
Skill subcat: Environmental Geology,0.0008580165487287,0.0008350717461573,-2.674167835736592,235.04166666666663,predicted job posting shares 00_10_54_11_05_2023 VAR top grid search runs #11 lvl subcategory,0.0166328524499496
Skill subcat: Environmental Regulations,0.0033619288452312,0.0044474191990412,32.28772540352059,859.3541666666666,predicted job posting shares 01_17_54_11_05_2023 VAR top grid search runs #12 lvl subcategory,0.0193795838671247
Skill subcat: Equipment Repair and Maintenance,0.0164418288418282,0.0185872208449076,13.048378156215197,4812.833333333333,predicted job posting shares 06_01_09_11_05_2023 VAR top grid search runs #19 lvl subcategory,0.0101910298970623
Skill subcat: Events and Conferences,0.0094764609492489,0.0070152408745718,-25.971932854027912,2356.125,predicted job posting shares 16_47_58_10_05_2023 VAR top grid search runs #2 lvl subcategory,0.0065745054023411
Skill subcat: Extensible Languages and XML,0.0068027038953128,0.0164571542640881,141.92077911001553,1846.8541666666667,predicted job posting shares 00_10_54_11_05_2023 VAR top grid search runs #11 lvl subcategory,0.0136176159973282
"Skill subcat: Extraction, Transformation, and Loading (ETL)",0.0115640611286347,0.0113306709206135,-2.0182374117971817,3456.7291666666665,predicted job posting shares 22_40_25_10_05_2023 VAR top grid search runs #8 lvl subcategory,0.0488666052354455
Skill subcat: Eye Care,0.0043542618693113,0.0044778643786917,2.838655852362644,1223.5208333333333,predicted job posting shares 18_07_54_10_05_2023 VAR top grid search runs #4 lvl subcategory,0.0221704970637377
Skill subcat: Facility Management and Maintenance,0.0125837139117879,0.0103530287709761,-17.726762992618482,3613.625,predicted job posting shares 16_47_58_10_05_2023 VAR top grid search runs #2 lvl subcategory,0.153586462244676
Skill subcat: Financial Accounting,0.0137209252747465,0.0247230740323335,80.18518093554934,4494.416666666667,predicted job posting shares 00_10_54_11_05_2023 VAR top grid search runs #11 lvl subcategory,0.0086588751160369
Skill subcat: Financial Advisement,0.0018567546226282,0.0019555378494542,5.320209015350351,523.4583333333334,predicted job posting shares 19_11_14_10_05_2023 VAR top grid search runs #5 lvl subcategory,0.0089433346839088
Skill subcat: Financial Analysis,0.0254962237549296,0.0207061126410304,-18.787531675050698,7662.541666666667,predicted job posting shares 16_11_33_10_05_2023 VAR top grid search runs #1 lvl subcategory,0.0070908907974884
Skill subcat: Financial Management,0.0293289000151168,0.0267640975079369,-8.74496658878424,8916.75,predicted job posting shares 05_17_04_11_05_2023 VAR top grid search runs #16 lvl subcategory,0.0207505634748632
Skill subcat: Financial Modeling,0.0102522369114463,0.0107402192375003,4.759764432571613,3113.7291666666665,predicted job posting shares 05_17_04_11_05_2023 VAR top grid search runs #16 lvl subcategory,0.0442180757260115
Skill subcat: Financial Regulation,0.0066022816728114,0.0057009855133435,-13.651283058393174,2146.270833333333,predicted job posting shares 21_33_19_10_05_2023 VAR top grid search runs #6 lvl subcategory,0.004579395054608
Skill subcat: Financial Reporting,0.0258082490308446,0.0249574246875656,-3.296714714206844,7834.770833333333,predicted job posting shares 16_11_33_10_05_2023 VAR top grid search runs #1 lvl subcategory,0.0117226792785168
Skill subcat: Financial Trading,0.0140093511699318,0.0108899102364391,-22.26684801925688,4062.625,predicted job posting shares 04_44_13_11_05_2023 VAR top grid search runs #15 lvl subcategory,0.018148195985392
"Skill subcat: Fire Prevention, Safety, and Control",0.0074610779044787,0.0085726989221161,14.898933262312164,2003.7291666666667,predicted job posting shares 18_07_54_10_05_2023 VAR top grid search runs #4 lvl subcategory,0.005834581626012
Skill subcat: Firmware,0.0011548016343586,0.0009578336267801,-17.05643650979936,367.3541666666667,predicted job posting shares 16_11_33_10_05_2023 VAR top grid search runs #1 lvl subcategory,0.0175740627341512
Skill subcat: First Aid,0.0376954777640964,0.04661254211852,23.655528151752947,10790.104166666666,predicted job posting shares 16_01_39_10_05_2023 VAR top grid search runs #0 lvl subcategory,0.0184382639162563
Skill subcat: Food Science and Processing,0.0046922948883515,0.0037031689439714,-21.079790761564865,1607.0208333333333,predicted job posting shares 16_01_39_10_05_2023 VAR top grid search runs #0 lvl subcategory,0.0813035911734292
Skill subcat: Food and Beverage,0.0948686013439389,0.1064485156167125,12.206266466174084,25963.83333333333,predicted job posting shares 13_36_26_09_05_2023 ARIMA top grid search runs #0 lvl subcategory,0.0142434110300349
Skill subcat: Forestry,0.0005224459628921,0.0005544685654779,6.129361668053231,166.97916666666666,predicted job posting shares 05_42_30_11_05_2023 VAR top grid search runs #18 lvl subcategory,0.0108338273822147
Skill subcat: Fundraising and Crowdsourcing,0.0060560110404912,0.024819419332172,309.8311440687022,1649.7708333333333,predicted job posting shares 06_01_09_11_05_2023 VAR top grid search runs #19 lvl subcategory,0.0201345203201458
Skill subcat: Funeral and Mortuary Services,0.0003282665756561,0.0002658935130565,-19.00073514183897,92.47916666666669,predicted job posting shares 02_29_39_11_05_2023 VAR top grid search runs #13 lvl subcategory,0.0258893722003357
Skill subcat: Gastroenterology,0.0021165295929588,0.0020448845054055,-3.385026497699185,553.6458333333334,predicted job posting shares 04_44_13_11_05_2023 VAR top grid search runs #15 lvl subcategory,0.0533284487177676
Skill subcat: General Accounting,0.0828996091997243,0.0969179964025383,16.910076341904656,25643.6875,predicted job posting shares 23_16_01_10_05_2023 VAR top grid search runs #10 lvl subcategory,0.011662128756549
Skill subcat: General Construction and Construction Labor,0.0206842715435605,0.0217220425618864,5.017198774152538,6267.354166666667,predicted job posting shares 04_44_13_11_05_2023 VAR top grid search runs #15 lvl subcategory,0.0511781678422584
Skill subcat: General Finance,0.0873732284176026,0.0919915120217452,5.285696417293169,26159.95833333333,predicted job posting shares 14_16_37_09_05_2023 ARIMA top grid search runs #10 lvl subcategory,0.0115940185644395
Skill subcat: General Lending,0.0146666675071715,0.0115722908744571,-21.098021286712584,4885.083333333333,predicted job posting shares 01_17_54_11_05_2023 VAR top grid search runs #12 lvl subcategory,0.0416732067586518
Skill subcat: General Medical Tests and Procedures,0.028175445067897,0.0300589838016311,6.685036311565476,7604.25,predicted job posting shares 16_01_39_10_05_2023 VAR top grid search runs #0 lvl subcategory,0.0071519981129411
Skill subcat: General Medicine,0.0603598421951441,0.0672071696213795,11.344177150261444,17577.9375,predicted job posting shares 01_17_54_11_05_2023 VAR top grid search runs #12 lvl subcategory,0.0068354027836414
Skill subcat: General Networking,0.0181302988755102,0.0268051513775826,47.84726695151232,5584.479166666667,predicted job posting shares 00_10_54_11_05_2023 VAR top grid search runs #11 lvl subcategory,0.0075928861755552
Skill subcat: General Repairs and Maintenance,0.0155456737386034,0.0167566568733434,7.789840151687065,4204.5625,predicted job posting shares 23_16_01_10_05_2023 VAR top grid search runs #10 lvl subcategory,0.0046692193206174
Skill subcat: General Sales Practices,0.2172792227518085,0.2152068511428012,-0.9537826869780888,73819.5,predicted job posting shares 14_16_37_09_05_2023 ARIMA top grid search runs #10 lvl subcategory,0.0016666410227911
Skill subcat: General Science and Research,0.1012340022302259,0.0931260646473107,-8.009105048001722,29588.77083333333,predicted job posting shares 05_42_30_11_05_2023 VAR top grid search runs #18 lvl subcategory,0.0097296146927162
Skill subcat: General Shipping and Receiving,0.0465415686286603,0.0484424677781383,4.084304000676554,15334.979166666666,predicted job posting shares 13_36_26_09_05_2023 ARIMA top grid search runs #0 lvl subcategory,0.0208982960436508
Skill subcat: Genetic Disorders,0.0002168478347293,0.000214377628085,-1.139142868262282,70.08333333333333,predicted job posting shares 02_29_39_11_05_2023 VAR top grid search runs #13 lvl subcategory,0.0187110757719944
Skill subcat: Genetics,0.0028742439969918,0.0028301492099409,-1.5341351359540163,697.1666666666666,predicted job posting shares 21_45_23_10_05_2023 VAR top grid search runs #7 lvl subcategory,0.0205590222605786
Skill subcat: Geological Engineering,0.0012485361060035,0.0025629225656195,105.27420499061766,331.6666666666667,predicted job posting shares 19_11_14_10_05_2023 VAR top grid search runs #5 lvl subcategory,0.0355135894526259
Skill subcat: Geospatial Information and Technology,0.0027519394793066,0.0070795221824534,157.25573675178387,821.5625,predicted job posting shares 21_45_23_10_05_2023 VAR top grid search runs #7 lvl subcategory,0.0205353917743722
Skill subcat: Geriatrics,0.0077853874145156,0.0105218657911515,35.14890436324114,2089.9375,predicted job posting shares 05_29_01_11_05_2023 VAR top grid search runs #17 lvl subcategory,0.0182663381449865
Skill subcat: Government Assistance,0.0071912918266717,0.0031937236666135,-55.58901316216461,661.0208333333334,predicted job posting shares 00_10_54_11_05_2023 VAR top grid search runs #11 lvl subcategory,0.0084525883278354
Skill subcat: Graphic and Visual Design,0.0094140366517862,0.0114996007856577,22.15377112936765,3013.770833333333,predicted job posting shares 05_17_04_11_05_2023 VAR top grid search runs #16 lvl subcategory,0.0281966893781546
Skill subcat: Graphic and Visual Design Software,0.0104118378565203,0.0047866024611625,-54.027305004899375,3439.125,predicted job posting shares 05_29_01_11_05_2023 VAR top grid search runs #17 lvl subcategory,0.0267009231294002
Skill subcat: Green Architecture,0.0004516509673279,0.0008814877048457,95.17011334235384,95.60416666666669,predicted job posting shares 00_10_54_11_05_2023 VAR top grid search runs #11 lvl subcategory,0.0299065678384614
Skill subcat: Ground Freight Transportation,0.0102270237612421,0.0201146319565472,96.68118923099306,5430.9375,predicted job posting shares 17_12_47_10_05_2023 VAR top grid search runs #3 lvl subcategory,0.0679608515725073
Skill subcat: Ground Passenger Transportation,0.0006458413640133,0.0017401602571479,169.44081845957209,161.3125,predicted job posting shares 21_45_23_10_05_2023 VAR top grid search runs #7 lvl subcategory,0.0251014596203595
Skill subcat: Groundskeeping and Yard Care,0.0093270593426897,0.0114646475062966,22.91813619994049,2454.458333333333,predicted job posting shares 16_47_58_10_05_2023 VAR top grid search runs #2 lvl subcategory,0.005903588931293
Skill subcat: HVAC,0.0136781735824454,0.0123263548819212,-9.883035131672305,4176.541666666667,predicted job posting shares 16_47_58_10_05_2023 VAR top grid search runs #2 lvl subcategory,0.0264978155613263
Skill subcat: Hand Tools,0.0117200681235696,0.012399009538029,5.7929818095000565,3716.75,predicted job posting shares 03_40_54_11_05_2023 VAR top grid search runs #14 lvl subcategory,0.0149072821562719
Skill subcat: Hardware Description Languages (HDL),0.000378794737309,0.0007735834414851,104.22233080129966,90.27083333333331,predicted job posting shares 04_44_13_11_05_2023 VAR top grid search runs #15 lvl subcategory,0.0445562177075236
Skill subcat: Hazardous Materials Management,0.005335998555816,0.004874018232229,-8.657804509400814,1574.7916666666667,predicted job posting shares 18_07_54_10_05_2023 VAR top grid search runs #4 lvl subcategory,0.0079037643099586
Skill subcat: Health Care Administration,0.0342880308970397,0.036174501129258,5.501833097044871,10312.020833333334,predicted job posting shares 04_44_13_11_05_2023 VAR top grid search runs #15 lvl subcategory,0.0177588247862467
Skill subcat: Health Care Procedure and Regulation,0.0486718321538388,0.0547757669696914,12.54100070973222,13674.083333333334,predicted job posting shares 18_07_54_10_05_2023 VAR top grid search runs #4 lvl subcategory,0.0085960928363414
Skill subcat: Health Information Management and Medical Records,0.0395758600867259,0.0446175138626223,12.739214674926073,11312.958333333334,predicted job posting shares 03_40_54_11_05_2023 VAR top grid search runs #14 lvl subcategory,0.016345630436532
Skill subcat: Heavy Equipment Operation,0.0257249410319576,0.0272991487447319,6.119383173001994,8361.0625,predicted job posting shares 22_58_01_10_05_2023 VAR top grid search runs #9 lvl subcategory,0.0092109890026898
Skill subcat: Hematology,0.0078722636306397,0.007854860906011,-0.221063793658605,2175.145833333333,predicted job posting shares 02_29_39_11_05_2023 VAR top grid search runs #13 lvl subcategory,0.0731466691216422
Skill subcat: Hepatology,0.0009061150140047,0.0006936402182222,-23.44898743520852,238.64583333333331,predicted job posting shares 16_01_39_10_05_2023 VAR top grid search runs #0 lvl subcategory,0.0088012984130258
Skill subcat: Higher Education,0.0043050331977261,0.0040515481765983,-5.88810839511505,1060.2916666666667,predicted job posting shares 17_12_47_10_05_2023 VAR top grid search runs #3 lvl subcategory,0.0180044964863214
Skill subcat: Home Health Care and Assisted Living,0.0400520543315529,0.049783755034679,24.297631833230323,11305.270833333334,predicted job posting shares 00_10_54_11_05_2023 VAR top grid search runs #11 lvl subcategory,0.0060866362529311
Skill subcat: Hospitality Services,0.0108064824151168,0.0106204497490655,-1.7214914058534505,2657.6666666666665,predicted job posting shares 23_16_01_10_05_2023 VAR top grid search runs #10 lvl subcategory,0.0048766820821815
Skill subcat: Hotels and Accommodations,0.0036250059154233,0.0093219405867001,157.15656206347342,577.8333333333334,predicted job posting shares 02_29_39_11_05_2023 VAR top grid search runs #13 lvl subcategory,0.0066695464493194
Skill subcat: Human Resources Management and Planning,0.028441280613437,0.010642283745398,-62.58155921301911,7324.0,predicted job posting shares 16_11_33_10_05_2023 VAR top grid search runs #1 lvl subcategory,0.0036636154404099
Skill subcat: Human Resources Software,0.0133202421034848,0.008774129700847,-34.12935265980233,3556.375,predicted job posting shares 14_16_37_09_05_2023 ARIMA top grid search runs #10 lvl subcategory,0.0243334997944004
Skill subcat: IT Automation,0.0197369318028435,0.0150744214544935,-23.62327840479376,4894.8125,predicted job posting shares 02_29_39_11_05_2023 VAR top grid search runs #13 lvl subcategory,0.0193494257396557
Skill subcat: IT Management,0.0290500221421267,0.0276288486629974,-4.892159710502921,8124.208333333333,predicted job posting shares 17_12_47_10_05_2023 VAR top grid search runs #3 lvl subcategory,0.0099778577739129
Skill subcat: Identity and Access Management,0.0119721121811973,0.0110375421475628,-7.806225163027471,3420.125,predicted job posting shares 21_45_23_10_05_2023 VAR top grid search runs #7 lvl subcategory,0.0129695702112613
Skill subcat: Image Analysis,0.0013903947657884,0.0018226577642439,31.08922797263211,376.625,predicted job posting shares 00_10_54_11_05_2023 VAR top grid search runs #11 lvl subcategory,0.1090859284413922
Skill subcat: Immunology,0.0016342042459319,0.0014608001868493,-10.610917179677063,508.25,predicted job posting shares 02_29_39_11_05_2023 VAR top grid search runs #13 lvl subcategory,0.00482928339054
Skill subcat: Industrial Design,0.0057521078225568,0.0012116955017196,-78.93475680396749,1455.8333333333333,predicted job posting shares 22_40_25_10_05_2023 VAR top grid search runs #8 lvl subcategory,0.0087848204198727
Skill subcat: Industrial Engineering,0.0037804336403514,0.0038285817653901,1.2736138131027854,1048.3125,predicted job posting shares 17_12_47_10_05_2023 VAR top grid search runs #3 lvl subcategory,0.1187880397556338
Skill subcat: Industry Specific Marketing,0.0016300212982039,0.0016430806678391,0.8011778526814314,549.5,predicted job posting shares 13_36_26_09_05_2023 ARIMA top grid search runs #0 lvl subcategory,0.0151892800106881
Skill subcat: Infectious Diseases,0.0146663457247495,0.0178242718191512,21.5317854472276,3467.3125,predicted job posting shares 00_10_54_11_05_2023 VAR top grid search runs #11 lvl subcategory,0.0043168917982075
Skill subcat: Initiative and Leadership,0.4208409106985872,0.2759047825974464,-34.43964795640943,123344.97916666669,predicted job posting shares 16_11_33_10_05_2023 VAR top grid search runs #1 lvl subcategory,0.018305540101618
Skill subcat: Injury Treatment,0.0030240675130273,0.0035125932922353,16.154592352964762,706.5416666666666,predicted job posting shares 19_11_14_10_05_2023 VAR top grid search runs #5 lvl subcategory,0.0052128031590555
Skill subcat: Instructional and Curriculum Design,0.0169119337617925,0.0073875368683611,-56.31760996456213,4114.9375,predicted job posting shares 05_17_04_11_05_2023 VAR top grid search runs #16 lvl subcategory,0.0069471023565838
Skill subcat: Insulation,0.0004545926050518,0.000416845054735,-8.303599728046326,118.70833333333331,predicted job posting shares 17_12_47_10_05_2023 VAR top grid search runs #3 lvl subcategory,0.0032888227184449
Skill subcat: Insurance,0.0071694376843881,0.0087983235817785,22.719855713892343,2438.9375,predicted job posting shares 23_16_01_10_05_2023 VAR top grid search runs #10 lvl subcategory,0.0092401435131528
Skill subcat: Insurance and Warranty Claims Processing,0.0045369930040847,0.0024815596920749,-45.3038677855415,1285.2291666666667,predicted job posting shares 21_33_19_10_05_2023 VAR top grid search runs #6 lvl subcategory,0.0947290552140296
Skill subcat: Integrated Development Environments (IDEs),0.0044361266187637,0.0020073690512122,-54.74950956716308,1065.3958333333333,predicted job posting shares 16_47_58_10_05_2023 VAR top grid search runs #2 lvl subcategory,0.0091613442608021
Skill subcat: Intelligence Collection and Analysis,0.0021041896248344,0.0015026479760781,-28.587806044507108,634.6041666666666,predicted job posting shares 17_12_47_10_05_2023 VAR top grid search runs #3 lvl subcategory,0.0220329962111539
Skill subcat: Interior Design,0.00150581837745,0.0024682103391568,63.911556408054,428.9791666666667,predicted job posting shares 00_10_54_11_05_2023 VAR top grid search runs #11 lvl subcategory,0.0122752243097975
Skill subcat: Internal Controls,0.0115305570261947,0.0092755010870406,-19.55721596130304,3425.9375,predicted job posting shares 22_58_01_10_05_2023 VAR top grid search runs #9 lvl subcategory,0.0076369845650324
Skill subcat: Internet of Things (IoT),0.0031756700071795,0.0033299340873029,4.857686087491535,942.125,predicted job posting shares 14_16_37_09_05_2023 ARIMA top grid search runs #10 lvl subcategory,0.0238631865778539
Skill subcat: Inventory and Warehousing,0.1051794968808717,0.0725118103814956,-31.05898722483542,36140.66666666666,predicted job posting shares 14_16_37_09_05_2023 ARIMA top grid search runs #10 lvl subcategory,0.0126428698703931
Skill subcat: Investment Management,0.01869986112632,0.0167410683949323,-10.474905231412151,5315.270833333333,predicted job posting shares 17_12_47_10_05_2023 VAR top grid search runs #3 lvl subcategory,0.0226141023590006
Skill subcat: Java,0.0243196948772486,0.0292710383273922,20.35939790830044,7336.6875,predicted job posting shares 05_17_04_11_05_2023 VAR top grid search runs #16 lvl subcategory,0.0237394153724433
Skill subcat: JavaScript and jQuery,0.0146975127127476,0.0101274046910732,-31.09443149323223,4531.479166666667,predicted job posting shares 19_11_14_10_05_2023 VAR top grid search runs #5 lvl subcategory,0.0321560417116911
Skill subcat: Journalism,0.0041739234111332,0.0046859448640492,12.267150172192284,1290.6458333333333,predicted job posting shares 22_58_01_10_05_2023 VAR top grid search runs #9 lvl subcategory,0.03653009138917
Skill subcat: Labor Compliance,0.0055651127899581,0.0081340496343658,46.16145155302488,1179.0625,predicted job posting shares 00_10_54_11_05_2023 VAR top grid search runs #11 lvl subcategory,0.0038477220202722
Skill subcat: Laboratory Research,0.0166138252300652,0.0189110298934671,13.827066503894386,4673.125,predicted job posting shares 00_10_54_11_05_2023 VAR top grid search runs #11 lvl subcategory,0.0039484446658192
Skill subcat: Landscaping and Horticulture,0.0049339322787337,0.0058931107877232,19.44044739170344,1365.375,predicted job posting shares 04_44_13_11_05_2023 VAR top grid search runs #15 lvl subcategory,0.0116319042389872
Skill subcat: Language Competency,0.0510816583320671,0.068434062309682,33.9699307818316,16847.375,predicted job posting shares 04_44_13_11_05_2023 VAR top grid search runs #15 lvl subcategory,0.0191969098040222
"Skill subcat: Language Interpretation, Translation, and Studies",0.002775357443347,0.0035472101779387,27.810930676405704,1025.5833333333333,predicted job posting shares 04_44_13_11_05_2023 VAR top grid search runs #15 lvl subcategory,0.0124619655957308
Skill subcat: Law Enforcement and Criminal Justice,0.0043742030889542,0.0043498496706889,-0.5567509731497834,1384.4583333333333,predicted job posting shares 13_36_26_09_05_2023 ARIMA top grid search runs #0 lvl subcategory,0.0423627992839106
Skill subcat: Lean Manufacturing,0.0122365534772197,0.0127791461585836,4.434195317938356,3550.1875,predicted job posting shares 16_01_39_10_05_2023 VAR top grid search runs #0 lvl subcategory,0.0124879180788502
Skill subcat: Legal Proceedings,0.0075068995486861,0.0102928679133949,37.112103960368245,2397.4166666666665,predicted job posting shares 16_11_33_10_05_2023 VAR top grid search runs #1 lvl subcategory,0.0090964616560981
Skill subcat: Legal Support,0.0046220127794752,0.0046678438445573,0.9915823964317072,1630.4583333333333,predicted job posting shares 16_47_58_10_05_2023 VAR top grid search runs #2 lvl subcategory,0.0210395212899862
Skill subcat: Library and Archiving,0.0041953950226206,0.0009750786277628,-76.75835952263371,1093.4791666666667,predicted job posting shares 16_11_33_10_05_2023 VAR top grid search runs #1 lvl subcategory,0.0293589805643836
Skill subcat: Literature and Literary Studies,0.0008599627860978,0.0009185574496634,6.813627811905845,225.85416666666663,predicted job posting shares 19_11_14_10_05_2023 VAR top grid search runs #5 lvl subcategory,0.0995657686684598
Skill subcat: Litigation and Civil Justice,0.0158293760575368,0.017792588487796,12.40233615730204,4837.166666666667,predicted job posting shares 21_33_19_10_05_2023 VAR top grid search runs #6 lvl subcategory,0.0168486144953717
Skill subcat: Livestock Farming,0.000470266243831,0.0005509653727677,17.16030652748721,121.27083333333331,predicted job posting shares 19_11_14_10_05_2023 VAR top grid search runs #5 lvl subcategory,0.0283827485811491
Skill subcat: Log Management,0.0009451009151355,0.0006354001938726,-32.76906373733623,439.3333333333333,predicted job posting shares 00_10_54_11_05_2023 VAR top grid search runs #11 lvl subcategory,0.0059376517818519
Skill subcat: Logistics,0.0091960165305969,0.0090218867352859,-1.8935350402169964,2613.270833333333,predicted job posting shares 21_45_23_10_05_2023 VAR top grid search runs #7 lvl subcategory,0.014582793636078
Skill subcat: Machinery,0.0492183231146832,0.0429216220920653,-12.79340827590979,14052.270833333334,predicted job posting shares 17_12_47_10_05_2023 VAR top grid search runs #3 lvl subcategory,0.0150606418140463
Skill subcat: Mainframe Technologies,0.0010641298877418,0.0014061037712244,32.13647952397108,368.7291666666667,predicted job posting shares 03_40_54_11_05_2023 VAR top grid search runs #14 lvl subcategory,0.0064448029328092
Skill subcat: Malware Protection,0.0010615875165509,0.0011855151582509,11.673803597713844,321.3125,predicted job posting shares 04_44_13_11_05_2023 VAR top grid search runs #15 lvl subcategory,0.0127248540266091
Skill subcat: Manufacturing Design,0.0023628894475871,0.0031800966019516,34.58507782490641,532.8125,predicted job posting shares 21_45_23_10_05_2023 VAR top grid search runs #7 lvl subcategory,0.0825182024496764
Skill subcat: Manufacturing Processes,0.0195719080129383,0.0226302144794786,15.626000615364436,5536.541666666667,predicted job posting shares 23_16_01_10_05_2023 VAR top grid search runs #10 lvl subcategory,0.0111928943062041
Skill subcat: Manufacturing Standards,0.0138397324397765,0.0144801418648519,4.627325187550678,4269.0,predicted job posting shares 21_45_23_10_05_2023 VAR top grid search runs #7 lvl subcategory,0.0172581010206289
Skill subcat: Market Analysis,0.0325138721914041,0.027445600818714,-15.588027605121829,9976.6875,predicted job posting shares 14_16_37_09_05_2023 ARIMA top grid search runs #10 lvl subcategory,0.0078180271242085
Skill subcat: Marketing Software,0.0020090117538175,0.0026922475893428,34.00855342070665,829.6458333333334,predicted job posting shares 23_16_01_10_05_2023 VAR top grid search runs #10 lvl subcategory,0.0264113634680014
Skill subcat: Marketing Strategy and Techniques,0.1053577415499833,0.0798293689821394,-24.23018203720024,33087.041666666664,predicted job posting shares 16_47_58_10_05_2023 VAR top grid search runs #2 lvl subcategory,0.0061065406559214
Skill subcat: Material Handling,0.0385130107629235,0.0471775869381739,22.49778971731753,12385.0625,predicted job posting shares 00_10_54_11_05_2023 VAR top grid search runs #11 lvl subcategory,0.0080513968608479
Skill subcat: Materials Science and Engineering,0.0042547136620581,0.0086346461374707,102.94306088024568,1108.9583333333333,predicted job posting shares 21_45_23_10_05_2023 VAR top grid search runs #7 lvl subcategory,0.0132842287110186
Skill subcat: Mathematical Software,0.0023848019532706,0.0018827055836099,-21.05400697831984,694.0208333333334,predicted job posting shares 16_11_33_10_05_2023 VAR top grid search runs #1 lvl subcategory,0.0141411323439792
Skill subcat: Mathematics and Mathematical Modeling,0.0407749610622469,0.0417050606838865,2.281055818102956,13171.729166666666,predicted job posting shares 16_47_58_10_05_2023 VAR top grid search runs #2 lvl subcategory,0.0592589571159504
Skill subcat: Mechanical Engineering,0.0163471305751941,0.0183120848849864,12.02017871426325,4816.708333333333,predicted job posting shares 01_17_54_11_05_2023 VAR top grid search runs #12 lvl subcategory,0.0626718424965796
Skill subcat: Media Production,0.0071880523721037,0.0069366891470243,-3.496958731894077,2075.395833333333,predicted job posting shares 23_16_01_10_05_2023 VAR top grid search runs #10 lvl subcategory,0.0030582485669116
Skill subcat: Medical Billing and Coding,0.007301548809298,0.0051858431933007,-28.976120974540365,2621.5416666666665,predicted job posting shares 18_07_54_10_05_2023 VAR top grid search runs #4 lvl subcategory,0.0224993278022727
Skill subcat: Medical Equipment and Technology,0.0107975616526909,0.0113497573165883,5.114077433952732,3284.3125,predicted job posting shares 23_16_01_10_05_2023 VAR top grid search runs #10 lvl subcategory,0.0192588695536779
Skill subcat: Medical Imaging,0.0121755997685043,0.0203461575109984,67.10599804396989,2909.8541666666665,predicted job posting shares 16_11_33_10_05_2023 VAR top grid search runs #1 lvl subcategory,0.0166629761558581
Skill subcat: Medical Science and Research,0.0145565980095084,0.0131063062709488,-9.96312282315048,4260.0625,predicted job posting shares 05_29_01_11_05_2023 VAR top grid search runs #17 lvl subcategory,0.0269841877895423
Skill subcat: Medical Support,0.0185925924918849,0.0208745181994642,12.273305665013057,5562.375,predicted job posting shares 16_47_58_10_05_2023 VAR top grid search runs #2 lvl subcategory,0.0168841933806202
Skill subcat: Mental Health Diseases and Disorders,0.0077783636144943,0.0122862866227075,57.95464485374636,2428.125,predicted job posting shares 19_11_14_10_05_2023 VAR top grid search runs #5 lvl subcategory,0.0149064386116875
Skill subcat: Mental Health Therapies,0.010814908786965,0.011986767412923,10.835584923013116,3212.270833333333,predicted job posting shares 04_44_13_11_05_2023 VAR top grid search runs #15 lvl subcategory,0.0122877225380209
Skill subcat: Mental and Behavioral Health Specialties,0.0285639936239332,0.0275889244044794,-3.4136305738312798,8086.208333333333,predicted job posting shares 01_17_54_11_05_2023 VAR top grid search runs #12 lvl subcategory,0.2982936405199622
Skill subcat: Merchandising,0.0586598160917643,0.0585017852683481,-0.2694021801380774,19066.0,predicted job posting shares 21_45_23_10_05_2023 VAR top grid search runs #7 lvl subcategory,0.0616587019728884
Skill subcat: Mergers and Acquisitions,0.0082767104976637,0.0067649579022951,-18.26513801340917,2795.75,predicted job posting shares 04_44_13_11_05_2023 VAR top grid search runs #15 lvl subcategory,0.0204278673432619
Skill subcat: Metal Fabrication,0.0034834725775269,0.0026767884296847,-23.157470882544093,1082.3958333333333,predicted job posting shares 23_16_01_10_05_2023 VAR top grid search runs #10 lvl subcategory,0.0373031875497906
Skill subcat: Microsoft Development Tools,0.0077856105712317,0.0066351582628607,-14.776648508750116,2579.833333333333,predicted job posting shares 00_10_54_11_05_2023 VAR top grid search runs #11 lvl subcategory,0.0150854532757771
Skill subcat: Microsoft Windows,0.0012346262172858,0.0011529491069197,-6.615533448306225,412.75,predicted job posting shares 16_11_33_10_05_2023 VAR top grid search runs #1 lvl subcategory,0.006811408637839
Skill subcat: Middleware,0.0052203672749268,0.004747874817024,-9.050942836381674,1709.8333333333333,predicted job posting shares 17_12_47_10_05_2023 VAR top grid search runs #3 lvl subcategory,0.0103241307757932
Skill subcat: Military Operations,0.002248486981289,0.0042049606887217,87.01289906117684,441.1666666666667,predicted job posting shares 19_11_14_10_05_2023 VAR top grid search runs #5 lvl subcategory,0.0041295842591844
Skill subcat: Military Technology and Weapons,0.0003398032630855,0.0006516008925913,91.7582799748885,185.54166666666663,predicted job posting shares 17_12_47_10_05_2023 VAR top grid search runs #3 lvl subcategory,0.044559658074361
Skill subcat: Mobile Development,0.00549399157627,0.0058873698157281,7.160153669641655,1745.6041666666667,predicted job posting shares 17_12_47_10_05_2023 VAR top grid search runs #3 lvl subcategory,0.0218060851860133
Skill subcat: Mobility Assistance,0.001803940797646,0.0015762499811338,-12.621856371856472,622.25,predicted job posting shares 16_11_33_10_05_2023 VAR top grid search runs #1 lvl subcategory,0.0265845857965332
"Skill subcat: Molecular, Cellular, and Microbiology",0.0045639487508052,0.0038537727437603,-15.560560510667576,1325.75,predicted job posting shares 16_11_33_10_05_2023 VAR top grid search runs #1 lvl subcategory,0.0236495726210638
Skill subcat: Mortgage Lending,0.0061235446653846,0.0096507832938018,57.60125582746388,2455.8541666666665,predicted job posting shares 02_29_39_11_05_2023 VAR top grid search runs #13 lvl subcategory,0.0234222198368279
Skill subcat: Music,0.0012526322142547,0.0014850723989752,18.55613978910792,359.8125,predicted job posting shares 16_47_58_10_05_2023 VAR top grid search runs #2 lvl subcategory,0.0103729892779737
Skill subcat: Natural Gas,0.0006391176081056,0.0015062601360698,135.678084434958,172.64583333333334,predicted job posting shares 05_42_30_11_05_2023 VAR top grid search runs #18 lvl subcategory,0.0220436118951506
Skill subcat: Natural Language Processing (NLP),0.0015254338982947,0.0010452505006839,-31.47847954261424,405.2291666666667,predicted job posting shares 05_42_30_11_05_2023 VAR top grid search runs #18 lvl subcategory,0.017174387987743
Skill subcat: Nephrology,0.0042432997925052,0.0103240453903891,143.30228584424128,824.0416666666666,predicted job posting shares 00_10_54_11_05_2023 VAR top grid search runs #11 lvl subcategory,0.0063779529387777
Skill subcat: Network Protocols,0.0122163542011053,0.0112743278369649,-7.711190659936554,3722.2291666666665,predicted job posting shares 22_58_01_10_05_2023 VAR top grid search runs #9 lvl subcategory,0.0281489644570208
Skill subcat: Network Security,0.0118227613249639,0.0120448343844751,1.8783518791188791,3521.833333333333,predicted job posting shares 17_12_47_10_05_2023 VAR top grid search runs #3 lvl subcategory,0.0211656959267368
Skill subcat: Networking Hardware,0.0063672805474762,0.0055107867462254,-13.451485212007636,1911.875,predicted job posting shares 05_29_01_11_05_2023 VAR top grid search runs #17 lvl subcategory,0.0161978356723257
Skill subcat: Networking Software,0.0019821766160522,0.0022894940180531,15.504037304857729,667.4791666666666,predicted job posting shares 23_16_01_10_05_2023 VAR top grid search runs #10 lvl subcategory,0.0355043521341263
Skill subcat: Neurology,0.0039771519563406,0.0048969539239216,23.12715173265128,1192.4583333333333,predicted job posting shares 03_40_54_11_05_2023 VAR top grid search runs #14 lvl subcategory,0.0384160648090967
Skill subcat: Neuroscience,0.0005523968061381,0.000298509765462,-45.96098997223888,146.08333333333334,predicted job posting shares 19_11_14_10_05_2023 VAR top grid search runs #5 lvl subcategory,0.028335673426092
Skill subcat: Nuclear Energy,0.0004739528714279,0.0004524961796628,-4.527178345909462,128.54166666666666,predicted job posting shares 01_17_54_11_05_2023 VAR top grid search runs #12 lvl subcategory,0.1458941487166372
Skill subcat: Nuclear Medicine,0.0006575589653484,0.0019048067294657,189.67846685148007,153.625,predicted job posting shares 16_01_39_10_05_2023 VAR top grid search runs #0 lvl subcategory,0.0962438004697906
Skill subcat: Nursing and Patient Care,0.078434789096397,0.1492014885914148,90.22361162729072,22367.5625,predicted job posting shares 16_01_39_10_05_2023 VAR top grid search runs #0 lvl subcategory,0.0306439655704771
Skill subcat: Nutrition and Diet,0.0033370330270751,0.0038331757613864,14.867780159376116,925.2916666666666,predicted job posting shares 19_11_14_10_05_2023 VAR top grid search runs #5 lvl subcategory,0.0142965518529177
Skill subcat: Obstetrics and Gynecology (OBGYN),0.00496410038042,0.0105593444011138,112.71415950336603,1742.0208333333333,predicted job posting shares 05_29_01_11_05_2023 VAR top grid search runs #17 lvl subcategory,0.025373272040124
Skill subcat: Occupational Health and Safety,0.1026255162875567,0.1130969919014905,10.20357898574924,27939.20833333333,predicted job posting shares 19_11_14_10_05_2023 VAR top grid search runs #5 lvl subcategory,0.0084778935246553
Skill subcat: Office Management,0.018135094066561,0.0169614157829221,-6.471862121757765,5625.75,predicted job posting shares 05_42_30_11_05_2023 VAR top grid search runs #18 lvl subcategory,0.0073026711581662
Skill subcat: Office and Productivity Equipment and Technology,0.1951079081244818,0.1849759830101486,-5.192985364728989,61259.395833333336,predicted job posting shares 05_42_30_11_05_2023 VAR top grid search runs #18 lvl subcategory,0.0118578012669761
Skill subcat: Oil and Gas,0.0043729867688227,0.0036814033220111,-15.81489913809615,1367.0416666666667,predicted job posting shares 23_16_01_10_05_2023 VAR top grid search runs #10 lvl subcategory,0.0253741996432564
Skill subcat: Oncology,0.0082036638115204,0.0072209570940108,-11.978876025241124,2552.25,predicted job posting shares 14_16_37_09_05_2023 ARIMA top grid search runs #10 lvl subcategory,0.0193373855290305
Skill subcat: Online Advertising,0.0051879148769146,0.005807419715732,11.941306931887,1618.9791666666667,predicted job posting shares 02_29_39_11_05_2023 VAR top grid search runs #13 lvl subcategory,0.0166795944490431
Skill subcat: Operating Systems,0.0222687508522222,0.0222803465152504,0.0520714570168371,7518.083333333333,predicted job posting shares 16_11_33_10_05_2023 VAR top grid search runs #1 lvl subcategory,0.0051365513086867
Skill subcat: Optical Engineering,0.0008235633376157,0.0006795982421445,-17.4807557470921,221.08333333333331,predicted job posting shares 05_17_04_11_05_2023 VAR top grid search runs #16 lvl subcategory,0.3613334174147631
Skill subcat: Oral and Dental Care,0.0067920052789282,0.0070246153657835,3.4247630457084504,1905.2291666666667,predicted job posting shares 05_17_04_11_05_2023 VAR top grid search runs #16 lvl subcategory,0.0047639027071865
Skill subcat: Orthopedics,0.004490717369267,0.0091513725123367,103.78420104916198,1389.0208333333333,predicted job posting shares 05_17_04_11_05_2023 VAR top grid search runs #16 lvl subcategory,0.0393179002951023
Skill subcat: Other Programming Languages,0.0202545739852447,0.0331922108139869,63.87513673784088,6081.541666666667,predicted job posting shares 03_40_54_11_05_2023 VAR top grid search runs #14 lvl subcategory,0.0074658823509326
Skill subcat: Pathology,0.0036284395809344,0.0040830033585446,12.527803411656649,1016.1666666666666,predicted job posting shares 03_40_54_11_05_2023 VAR top grid search runs #14 lvl subcategory,0.0207439474349895
Skill subcat: Patient Education and Support,0.0261929400695041,0.0390957925193151,49.26080239779394,7263.958333333333,predicted job posting shares 04_44_13_11_05_2023 VAR top grid search runs #15 lvl subcategory,0.0163591094643638
Skill subcat: Payment Processing and Collection,0.0209611301408661,0.0200104804494248,-4.535297882569327,6603.541666666667,predicted job posting shares 17_12_47_10_05_2023 VAR top grid search runs #3 lvl subcategory,0.0254315801061576
Skill subcat: Payroll,0.0066381599560006,0.0063598914209715,-4.191952843461653,1923.5208333333333,predicted job posting shares 01_17_54_11_05_2023 VAR top grid search runs #12 lvl subcategory,0.0173536800437747
Skill subcat: Pediatrics,0.0112244259171527,0.014533583566777,29.481754114189325,3596.645833333333,predicted job posting shares 21_45_23_10_05_2023 VAR top grid search runs #7 lvl subcategory,0.024406956637188
Skill subcat: People Management,0.0785046292945843,0.0764721368425392,-2.589009680458813,24228.291666666668,predicted job posting shares 17_12_47_10_05_2023 VAR top grid search runs #3 lvl subcategory,0.0071078193032314
Skill subcat: Performance Management,0.0323365722260181,0.0275207357450043,-14.892847786565843,9005.854166666666,predicted job posting shares 02_29_39_11_05_2023 VAR top grid search runs #13 lvl subcategory,0.0045422921986718
Skill subcat: Personal Attributes,0.3470448261825568,0.135169644853895,-61.05124333915545,105504.39583333331,predicted job posting shares 05_17_04_11_05_2023 VAR top grid search runs #16 lvl subcategory,0.0146144248461948
Skill subcat: Pharmacology and Drug Discovery,0.0048601407270175,0.0044805766563109,-7.8097341625645775,1459.1666666666667,predicted job posting shares 13_36_26_09_05_2023 ARIMA top grid search runs #0 lvl subcategory,0.2652780181582522
Skill subcat: Pharmacy,0.0288770806613646,0.0254335162334587,-11.924904973213362,7839.020833333333,predicted job posting shares 00_10_54_11_05_2023 VAR top grid search runs #11 lvl subcategory,0.0082380716806341
Skill subcat: Photo/Video Production and Technology,0.0075347703238691,0.0065940357902065,-12.48524498062647,2175.8125,predicted job posting shares 17_12_47_10_05_2023 VAR top grid search runs #3 lvl subcategory,0.0053559388039287
Skill subcat: Physical Abilities,0.1149679253158503,0.1213747669234806,5.572720904573035,34094.541666666664,predicted job posting shares 05_29_01_11_05_2023 VAR top grid search runs #17 lvl subcategory,0.0158250555391806
Skill subcat: Physical Therapy,0.0170970191330461,0.0604442012200836,253.53648931265204,5083.416666666667,predicted job posting shares 05_29_01_11_05_2023 VAR top grid search runs #17 lvl subcategory,0.0341934171433426
Skill subcat: Physics,0.0040079499832878,0.0040049394797436,-0.0751133012326422,1205.25,predicted job posting shares 17_12_47_10_05_2023 VAR top grid search runs #3 lvl subcategory,0.0219146588245237
Skill subcat: Plant Operations and Management,0.0142966202477907,0.0148135134559869,3.6154923278183606,4544.104166666667,predicted job posting shares 02_29_39_11_05_2023 VAR top grid search runs #13 lvl subcategory,0.0197402794530398
Skill subcat: Plumbing,0.0116484629045095,0.0118110485961709,1.3957694933162177,3614.7083333333335,predicted job posting shares 21_33_19_10_05_2023 VAR top grid search runs #6 lvl subcategory,0.0094788906193696
"Skill subcat: Policy Analysis, Research, and Development",0.0329109689945782,0.0535023809890407,62.56701830278759,8181.5,predicted job posting shares 02_29_39_11_05_2023 VAR top grid search runs #13 lvl subcategory,0.0108620913229679
Skill subcat: Power Generation,0.0010242703674288,0.0003902332292117,-61.90134542393405,249.9375,predicted job posting shares 04_44_13_11_05_2023 VAR top grid search runs #15 lvl subcategory,0.0105951093272033
Skill subcat: Power Tools,0.0097142388195181,0.0056634998601282,-41.69898470326929,2842.458333333333,predicted job posting shares 19_11_14_10_05_2023 VAR top grid search runs #5 lvl subcategory,0.0086245696368265
Skill subcat: Presentation Design,0.0018168259385211,0.0020451102774642,12.565008793793648,585.5625,predicted job posting shares 16_01_39_10_05_2023 VAR top grid search runs #0 lvl subcategory,0.0234078341116054
Skill subcat: Pricing Analysis,0.0045954170586893,0.0045401671312464,-1.2022832038373898,1372.375,predicted job posting shares 14_16_37_09_05_2023 ARIMA top grid search runs #10 lvl subcategory,0.0165985925165056
Skill subcat: Process Engineering,0.0096476585253608,0.0074829502206045,-22.437654681350207,2742.0,predicted job posting shares 16_11_33_10_05_2023 VAR top grid search runs #1 lvl subcategory,0.0261255627515072
Skill subcat: Process Improvement and Optimization,0.1113226506576871,0.1366393426888374,22.741725858646834,30835.625,predicted job posting shares 21_45_23_10_05_2023 VAR top grid search runs #7 lvl subcategory,0.0124690260631172
Skill subcat: Procurement,0.0460213040681466,0.0421335984118726,-8.447621672165639,13185.041666666666,predicted job posting shares 16_11_33_10_05_2023 VAR top grid search runs #1 lvl subcategory,0.0027307508602892
Skill subcat: Product Development,0.0370230879135205,0.0253923221476345,-31.414899246258027,10439.75,predicted job posting shares 18_07_54_10_05_2023 VAR top grid search runs #4 lvl subcategory,0.0048896871517648
Skill subcat: Product Inspection,0.0031048573387702,0.0037903971236327,22.079590463052792,1036.7708333333333,predicted job posting shares 21_45_23_10_05_2023 VAR top grid search runs #7 lvl subcategory,0.0092730008845211
Skill subcat: Product Management,0.0361224585574832,0.0157142827503868,-56.49719488118452,9243.041666666666,predicted job posting shares 16_11_33_10_05_2023 VAR top grid search runs #1 lvl subcategory,0.0014676251907124
Skill subcat: Production and Assembly,0.0090888320634395,0.0094500560393896,3.974371772179063,2819.395833333333,predicted job posting shares 02_29_39_11_05_2023 VAR top grid search runs #13 lvl subcategory,0.0188688456445839
Skill subcat: Program Management,0.0212217856272208,0.0350405435352897,65.11590565849384,5863.833333333333,predicted job posting shares 19_11_14_10_05_2023 VAR top grid search runs #5 lvl subcategory,0.0236673299579284
Skill subcat: Project Management,0.1241614214447251,0.157446822341447,26.808166747301687,35743.979166666664,predicted job posting shares 13_36_26_09_05_2023 ARIMA top grid search runs #0 lvl subcategory,0.007533229656483
Skill subcat: Promotions and Campaigns,0.0152635509912034,0.0145674172686087,-4.560758653054528,4898.5,predicted job posting shares 05_42_30_11_05_2023 VAR top grid search runs #18 lvl subcategory,0.0130328273823201
Skill subcat: Property Law,0.0034200004242836,0.0030015553563147,-12.235234387625937,993.0833333333334,predicted job posting shares 22_58_01_10_05_2023 VAR top grid search runs #9 lvl subcategory,0.0106293024992119
Skill subcat: Property Management,0.0056420955586741,0.0075204860993388,33.29242692064798,1792.5208333333333,predicted job posting shares 02_29_39_11_05_2023 VAR top grid search runs #13 lvl subcategory,0.0407675883787306
Skill subcat: Prospecting and Qualification,0.0094380975810576,0.00939032723468,-0.5061438067082161,3475.4791666666665,predicted job posting shares 17_12_47_10_05_2023 VAR top grid search runs #3 lvl subcategory,0.0100673414457129
Skill subcat: Public Health and Disease Prevention,0.0107067499755979,0.0129581103828628,21.02748651454501,2620.645833333333,predicted job posting shares 19_11_14_10_05_2023 VAR top grid search runs #5 lvl subcategory,0.0071815915323395
Skill subcat: Public Relations,0.0185359924295142,0.046465627289422,150.67784995119248,5791.833333333333,predicted job posting shares 19_11_14_10_05_2023 VAR top grid search runs #5 lvl subcategory,0.0486589957886898
Skill subcat: Pulmonology,0.0051783556558077,0.0056765189705806,9.620106224534672,1553.8958333333333,predicted job posting shares 01_17_54_11_05_2023 VAR top grid search runs #12 lvl subcategory,0.0170911619857842
Skill subcat: Quality Assurance and Control,0.0960704608754596,0.0783561178130208,-18.43890713234184,27104.666666666668,predicted job posting shares 18_07_54_10_05_2023 VAR top grid search runs #4 lvl subcategory,0.0078732846737473
Skill subcat: Query Languages,0.0354678184314256,0.0400733025453053,12.98496585794827,10421.395833333334,predicted job posting shares 16_01_39_10_05_2023 VAR top grid search runs #0 lvl subcategory,0.0087939531942228
Skill subcat: Radio Frequency (RF),0.0020278218314491,0.0028841098874973,42.22698674845062,705.6458333333334,predicted job posting shares 04_44_13_11_05_2023 VAR top grid search runs #15 lvl subcategory,0.0975657916333247
Skill subcat: Rail Transportation,0.0004794220278652,0.0004009085763237,-16.376688382698973,135.60416666666666,predicted job posting shares 05_17_04_11_05_2023 VAR top grid search runs #16 lvl subcategory,0.1002130838928465
Skill subcat: Real Estate Development,0.000570262694037,0.0006409475278114,12.395135524999588,162.54166666666666,predicted job posting shares 04_44_13_11_05_2023 VAR top grid search runs #15 lvl subcategory,0.0274820704841654
Skill subcat: Real Estate Sales,0.0115637666802157,0.0103847960067493,-10.195386209957734,3410.9375,predicted job posting shares 23_16_01_10_05_2023 VAR top grid search runs #10 lvl subcategory,0.0222608145141242
Skill subcat: Recruitment,0.0164861943366738,0.0206393477679896,25.191704928996543,4450.270833333333,predicted job posting shares 04_44_13_11_05_2023 VAR top grid search runs #15 lvl subcategory,0.0481905471097123
Skill subcat: Regulation and Legal Compliance,0.1272445781741998,0.1367016467567488,7.432197676510939,39436.270833333336,predicted job posting shares 23_16_01_10_05_2023 VAR top grid search runs #10 lvl subcategory,0.0009971737934903
Skill subcat: Rehabilitation,0.0140024765995655,0.0152833706333549,9.147624883937658,4127.625,predicted job posting shares 00_10_54_11_05_2023 VAR top grid search runs #11 lvl subcategory,0.0478962772935349
Skill subcat: Religious Studies and Services,0.0009113105903152,0.0009088633158476,-0.268544499933167,292.5833333333333,predicted job posting shares 13_36_26_09_05_2023 ARIMA top grid search runs #0 lvl subcategory,0.072782839380459
Skill subcat: Retail Sales,0.0377119851414125,0.0324275063855643,-14.012730266074442,13149.125,predicted job posting shares 01_17_54_11_05_2023 VAR top grid search runs #12 lvl subcategory,0.0150520268314439
Skill subcat: Risk Management,0.0347046932722847,0.0307598487067787,-11.366890738828026,9720.354166666666,predicted job posting shares 22_58_01_10_05_2023 VAR top grid search runs #9 lvl subcategory,0.014935373964672
Skill subcat: Road and Bridge Construction,0.0008313857675938,0.0009611508586877,15.608288733335748,236.45833333333331,predicted job posting shares 16_47_58_10_05_2023 VAR top grid search runs #2 lvl subcategory,0.040216183021697
Skill subcat: Roads and Drainage,0.0014631952408505,0.0013760815684057,-5.953660182366644,452.2916666666667,predicted job posting shares 16_11_33_10_05_2023 VAR top grid search runs #1 lvl subcategory,0.0245200649366957
Skill subcat: Robotics,0.001235723256052,0.0027246060840933,120.4867530613705,364.6875,predicted job posting shares 02_29_39_11_05_2023 VAR top grid search runs #13 lvl subcategory,0.028651748474293
Skill subcat: Roofing,0.0034513801786931,0.004699610229475,36.166112863711085,1233.0625,predicted job posting shares 05_29_01_11_05_2023 VAR top grid search runs #17 lvl subcategory,0.0654048463442142
Skill subcat: Safety and Security,0.0182895491631315,0.0186565399084689,2.0065598231212225,5862.458333333333,predicted job posting shares 05_42_30_11_05_2023 VAR top grid search runs #18 lvl subcategory,0.025645632452017
Skill subcat: Safety and Surveillance Technology,0.0059911420770955,0.0056120976247049,-6.326747847287916,1892.5833333333333,predicted job posting shares 05_17_04_11_05_2023 VAR top grid search runs #16 lvl subcategory,0.0066071168267775
Skill subcat: Sales Analysis,0.0044245604693674,0.0032666655821995,-26.16971550472333,1638.5208333333333,predicted job posting shares 00_10_54_11_05_2023 VAR top grid search runs #11 lvl subcategory,0.0046852332672187
Skill subcat: Sales Management,0.0249742317903542,0.0269253889989995,7.812681587262663,9917.5625,predicted job posting shares 16_47_58_10_05_2023 VAR top grid search runs #2 lvl subcategory,0.0054764373694573
Skill subcat: Scheduling,0.0659191326295987,0.0678899603293817,2.9897658254351365,20642.729166666668,predicted job posting shares 22_40_25_10_05_2023 VAR top grid search runs #8 lvl subcategory,0.0060133127977859
Skill subcat: Science Software,0.0004572454502877,0.0007889528412032,72.54471109702433,125.875,predicted job posting shares 01_17_54_11_05_2023 VAR top grid search runs #12 lvl subcategory,0.0320021649337569
Skill subcat: Scripting,0.0159082676366766,0.0164989237450978,3.712887675207576,4985.145833333333,predicted job posting shares 02_29_39_11_05_2023 VAR top grid search runs #13 lvl subcategory,0.0060538072245311
Skill subcat: Scripting Languages,0.0417340011442059,0.0727646636230122,74.35343275997974,11833.229166666666,predicted job posting shares 00_10_54_11_05_2023 VAR top grid search runs #11 lvl subcategory,0.0137661340768621
Skill subcat: Search Engines,0.0019024978930749,0.0020193184521791,6.140377843750967,555.6458333333334,predicted job posting shares 16_11_33_10_05_2023 VAR top grid search runs #1 lvl subcategory,0.0263493251713241
Skill subcat: Servers,0.0075194519141003,0.0052055214049687,-30.77259533760128,2839.5,predicted job posting shares 04_44_13_11_05_2023 VAR top grid search runs #15 lvl subcategory,0.0094812152464924
Skill subcat: Signal Processing,0.0012372892503882,0.0009013850365977,-27.148398297739178,346.75,predicted job posting shares 17_12_47_10_05_2023 VAR top grid search runs #3 lvl subcategory,0.0367549196546752
Skill subcat: Simulation and Simulation Software,0.0022819984404059,0.0088231206949392,286.64008435386256,575.7083333333334,predicted job posting shares 19_11_14_10_05_2023 VAR top grid search runs #5 lvl subcategory,0.0608557018721431
Skill subcat: Social Media,0.0124853541181835,0.0097611544883467,-21.81916190802561,3776.3125,predicted job posting shares 22_40_25_10_05_2023 VAR top grid search runs #8 lvl subcategory,0.0266311652262955
Skill subcat: Social Skills,0.1162893443570519,0.0791034282364387,-31.977062323473497,32885.4375,predicted job posting shares 04_44_13_11_05_2023 VAR top grid search runs #15 lvl subcategory,0.0271181326636194
Skill subcat: Social Studies,0.0141096186087612,0.0156126436628165,10.65248534160955,3774.5625,predicted job posting shares 02_29_39_11_05_2023 VAR top grid search runs #13 lvl subcategory,0.0261844521903509
Skill subcat: Software Development,0.0821970441565781,0.2207518103478525,168.56417114870922,24107.125,predicted job posting shares 01_17_54_11_05_2023 VAR top grid search runs #12 lvl subcategory,0.0091161493339556
Skill subcat: Software Development Tools,0.0276421329194761,0.0285820793910957,3.400412241550774,7507.375,predicted job posting shares 13_36_26_09_05_2023 ARIMA top grid search runs #0 lvl subcategory,0.0109180770308872
Skill subcat: Software Quality Assurance,0.0376335343807099,0.0493320162945601,31.085259746016785,10424.395833333334,predicted job posting shares 13_36_26_09_05_2023 ARIMA top grid search runs #0 lvl subcategory,0.0223730652043879
Skill subcat: Solar Energy,0.0003212866056884,0.0003098983210454,-3.544587431087914,93.08333333333331,predicted job posting shares 16_11_33_10_05_2023 VAR top grid search runs #1 lvl subcategory,0.0104810692246381
Skill subcat: Solution Sales Engineering,0.0071362324374205,0.0051592338947132,-27.70367361270979,2965.0625,predicted job posting shares 13_36_26_09_05_2023 ARIMA top grid search runs #0 lvl subcategory,0.0059637030354362
Skill subcat: Special Education,0.0063455036561358,0.0060871921403817,-4.070780347030844,1720.125,predicted job posting shares 03_40_54_11_05_2023 VAR top grid search runs #14 lvl subcategory,0.1090916655977315
Skill subcat: Specialized Accounting,0.005908149859856,0.0055101795927836,-6.735954173682732,1765.5416666666667,predicted job posting shares 18_07_54_10_05_2023 VAR top grid search runs #4 lvl subcategory,0.0097697147452268
Skill subcat: Specialized Sales,0.0206246862029368,0.0257922021803123,25.05500411753991,8111.6875,predicted job posting shares 23_16_01_10_05_2023 VAR top grid search runs #10 lvl subcategory,0.0231381233545229
Skill subcat: Speech Language Pathology,0.0044350283052339,0.0068085429981414,53.51746436672003,1767.7708333333333,predicted job posting shares 05_29_01_11_05_2023 VAR top grid search runs #17 lvl subcategory,0.0421647344943917
Skill subcat: Sports and Recreation,0.0031415214070687,0.0086581369888104,175.60331020914992,888.9375,predicted job posting shares 00_10_54_11_05_2023 VAR top grid search runs #11 lvl subcategory,0.0244468515137723
Skill subcat: Statistical Software,0.0052846001550924,0.0062398108352824,18.07536336064195,1917.75,predicted job posting shares 03_40_54_11_05_2023 VAR top grid search runs #14 lvl subcategory,0.0187902258518531
Skill subcat: Statistics,0.0126275122885873,0.0118708962512541,-5.991805987130398,3791.7083333333335,predicted job posting shares 22_40_25_10_05_2023 VAR top grid search runs #8 lvl subcategory,0.0128064045976805
Skill subcat: Streaming Media Systems,0.000886809037898,0.0018534512409346,109.00229493914816,203.16666666666663,predicted job posting shares 01_17_54_11_05_2023 VAR top grid search runs #12 lvl subcategory,0.0096613728247857
Skill subcat: Structured Finance,0.0007005268800788,0.0024517860344893,249.9917139815543,198.47916666666663,predicted job posting shares 21_45_23_10_05_2023 VAR top grid search runs #7 lvl subcategory,0.0237432917715286
Skill subcat: Student Support and Services,0.0088946524458304,0.0254692979272609,186.3439362287876,1662.4166666666667,predicted job posting shares 01_17_54_11_05_2023 VAR top grid search runs #12 lvl subcategory,0.026254514077586
Skill subcat: Supplier Management,0.0139352708088202,0.0104416562790828,-25.070302383547137,3928.2708333333335,predicted job posting shares 18_07_54_10_05_2023 VAR top grid search runs #4 lvl subcategory,0.0079874844897561
Skill subcat: Supply Chain Management,0.0333505784818221,0.0284620687866306,-14.657945732053816,9515.020833333334,predicted job posting shares 16_11_33_10_05_2023 VAR top grid search runs #1 lvl subcategory,0.0086359727162752
Skill subcat: Surgery,0.0150106437234724,0.0243740778798056,62.37863164849777,4601.770833333333,predicted job posting shares 13_36_26_09_05_2023 ARIMA top grid search runs #0 lvl subcategory,0.027498983172054
Skill subcat: Surveying and Cartography,0.0014124839807575,0.0003505635910781,-75.18105721170045,381.875,predicted job posting shares 05_17_04_11_05_2023 VAR top grid search runs #16 lvl subcategory,0.0308840962727891
Skill subcat: System Design and Implementation,0.0453083348271939,0.1191822783937743,163.0471387843667,12631.125,predicted job posting shares 01_17_54_11_05_2023 VAR top grid search runs #12 lvl subcategory,0.0039559521535362
Skill subcat: Systems Administration,0.0142959916949776,0.0227504785052039,59.13886207136291,4409.395833333333,predicted job posting shares 00_10_54_11_05_2023 VAR top grid search runs #11 lvl subcategory,0.0088693937305917
Skill subcat: Tax,0.0105068555013102,0.0089007395995492,-15.286361381487724,3633.7083333333335,predicted job posting shares 14_16_37_09_05_2023 ARIMA top grid search runs #10 lvl subcategory,0.0193497321310014
Skill subcat: Teaching,0.0810451375901768,0.047591310721931,-41.2780184758433,22422.375,predicted job posting shares 05_17_04_11_05_2023 VAR top grid search runs #16 lvl subcategory,0.0206596202863368
Skill subcat: Technical Support and Services,0.0241336057442872,0.0226733557595115,-6.050691306753292,7231.791666666667,predicted job posting shares 02_29_39_11_05_2023 VAR top grid search runs #13 lvl subcategory,0.0073171036867036
Skill subcat: Telecommunications,0.017163761128332,0.0173378148251283,1.0140766670831252,5467.354166666667,predicted job posting shares 23_16_01_10_05_2023 VAR top grid search runs #10 lvl subcategory,0.0258715595268886
Skill subcat: Telecommunications Equipment and Installation,0.0010537436531678,0.0010390532851598,-1.3941121224158648,353.9791666666667,predicted job posting shares 18_07_54_10_05_2023 VAR top grid search runs #4 lvl subcategory,0.0232760721213744
Skill subcat: Test Automation,0.01044569152838,0.029638725948597,183.7411565148297,2468.6666666666665,predicted job posting shares 21_45_23_10_05_2023 VAR top grid search runs #7 lvl subcategory,0.0152614774049469
Skill subcat: Textiles,0.0017324788324108,0.0016561525229753,-4.405612813709795,517.5,predicted job posting shares 22_58_01_10_05_2023 VAR top grid search runs #9 lvl subcategory,0.0037828789609293
Skill subcat: Theatre and Performance Art,0.0005195646813431,0.0015026697748259,189.21707513709848,130.10416666666666,predicted job posting shares 21_33_19_10_05_2023 VAR top grid search runs #6 lvl subcategory,0.0322133997607586
Skill subcat: Training Programs,0.0105230974311895,0.0071659884333308,-31.90228941441267,2763.0416666666665,predicted job posting shares 23_16_01_10_05_2023 VAR top grid search runs #10 lvl subcategory,0.0120349193264696
Skill subcat: Transportation Equipment Manufacturing,0.0002392322437119,0.0002838359702621,18.64452962449113,61.958333333333336,predicted job posting shares 05_29_01_11_05_2023 VAR top grid search runs #17 lvl subcategory,0.0334738909480494
Skill subcat: Transportation Operations,0.0121605971791261,0.0139435156507273,14.661438458479772,3723.4166666666665,predicted job posting shares 21_45_23_10_05_2023 VAR top grid search runs #7 lvl subcategory,0.0263326842023396
Skill subcat: Transportation Security,0.000415725154332,5.9486471147261646e-05,-85.69091368963556,109.75,predicted job posting shares 16_47_58_10_05_2023 VAR top grid search runs #2 lvl subcategory,0.0058517397240855
Skill subcat: Travel and Tourism,0.0047292053131409,0.0036523607558991,-22.77009531071963,1449.5416666666667,predicted job posting shares 17_12_47_10_05_2023 VAR top grid search runs #3 lvl subcategory,0.009988539241542
Skill subcat: Underwriting,0.0079750491058752,0.0085665736612005,7.417190132277986,2695.625,predicted job posting shares 22_40_25_10_05_2023 VAR top grid search runs #8 lvl subcategory,0.015279501269571
Skill subcat: Urban and Regional Planning,0.0021246201112727,0.0026000540502388,22.377362260837465,593.5416666666666,predicted job posting shares 23_16_01_10_05_2023 VAR top grid search runs #10 lvl subcategory,0.0143017973182539
Skill subcat: Urology,0.0013168830724445,0.0013630538083892,3.506061920819905,394.6458333333333,predicted job posting shares 23_16_01_10_05_2023 VAR top grid search runs #10 lvl subcategory,0.010208711766761
Skill subcat: User Interface and User Experience (UI/UX) Design,0.0213077211833687,0.0164504573028842,-22.795792373497637,6199.375,predicted job posting shares 14_16_37_09_05_2023 ARIMA top grid search runs #10 lvl subcategory,0.0125919593050151
Skill subcat: Vehicle Repair and Maintenance,0.0216573367389673,0.0177815864676364,-17.895784315702105,6115.458333333333,predicted job posting shares 14_16_37_09_05_2023 ARIMA top grid search runs #10 lvl subcategory,0.0426963264487656
Skill subcat: Version Control,0.0167037139767823,0.0366133489736776,119.19286348275088,4451.145833333333,predicted job posting shares 23_16_01_10_05_2023 VAR top grid search runs #10 lvl subcategory,0.008491556493913
Skill subcat: Video and Web Conferencing,0.008013476892881,0.0112086935602577,39.87303775986752,1875.0208333333333,predicted job posting shares 00_10_54_11_05_2023 VAR top grid search runs #11 lvl subcategory,0.0039247686913975
Skill subcat: Virtualization and Virtual Machines,0.0075955322605947,0.0073220814077841,-3.600153925081078,2336.770833333333,predicted job posting shares 02_29_39_11_05_2023 VAR top grid search runs #13 lvl subcategory,0.014023577522269
Skill subcat: Waste Management,0.0021386673407088,0.002494175138049,16.622865584246366,609.2916666666666,predicted job posting shares 01_17_54_11_05_2023 VAR top grid search runs #12 lvl subcategory,0.0189694841867705
"Skill subcat: Water Supply, Testing, and Treatment",0.0031374100999006,0.0052050822498783,65.90378956334743,871.6875,predicted job posting shares 23_16_01_10_05_2023 VAR top grid search runs #10 lvl subcategory,0.0262585047908285
Skill subcat: Web Analytics and SEO,0.0090918976541559,0.0080282641153611,-11.69869678755803,2893.0416666666665,predicted job posting shares 01_17_54_11_05_2023 VAR top grid search runs #12 lvl subcategory,0.0047063232844907
Skill subcat: Web Content,0.0011827919331619,0.0011440826136099,-3.272707436253848,290.1458333333333,predicted job posting shares 23_16_01_10_05_2023 VAR top grid search runs #10 lvl subcategory,0.011012912541579
Skill subcat: Web Design and Development,0.0273702883866238,0.0239927816713185,-12.340047965866264,8977.145833333334,predicted job posting shares 13_36_26_09_05_2023 ARIMA top grid search runs #0 lvl subcategory,0.0121880282093004
Skill subcat: Web Services,0.0268692555754936,0.0179265920428873,-33.282141023521895,6944.208333333333,predicted job posting shares 23_16_01_10_05_2023 VAR top grid search runs #10 lvl subcategory,0.0204890175464179
"Skill subcat: Welding, Brazing, and Soldering",0.0057801060902405,0.0067304385633842,16.44143651183672,1721.0208333333333,predicted job posting shares 21_45_23_10_05_2023 VAR top grid search runs #7 lvl subcategory,0.0220431547988887
Skill subcat: Wireless Technologies,0.0042163391388702,0.0036909193815894,-12.461515546436589,1130.6875,predicted job posting shares 23_16_01_10_05_2023 VAR top grid search runs #10 lvl subcategory,0.0137192617445757
Skill subcat: Writing and Editing,0.0650395052590812,0.0948197621222549,45.78795109917539,19145.375,predicted job posting shares 05_29_01_11_05_2023 VAR top grid search runs #17 lvl subcategory,0.0348711336901503
Skill subcat: iOS Development,0.0050430079479234,0.0119282928842112,136.5313124109394,1514.4375,predicted job posting shares 23_16_01_10_05_2023 VAR top grid search runs #10 lvl subcategory,0.0510666257318869
